{
  "User U1": {
    "Read Requests": 97,
    "Write Requests": 33
  },
  "User U2": {
    "Read Requests": 90,
    "Write Requests": 26
  },
  "User U3": {
    "Read Requests": 112,
    "Write Requests": 31
  },
  "User U4": {
    "Read Requests": 83,
    "Write Requests": 28
  },
  "User U5": {
    "Read Requests": 104,
    "Write Requests": 34
  },
  "User U6": {
    "Read Requests": 80,
    "Write Requests": 35
  },
  "User U7": {
    "Read Requests": 94,
    "Write Requests": 37
  },
  "User U8": {
    "Read Requests": 98,
    "Write Requests": 24
  },
  "User U9": {
    "Read Requests": 100,
    "Write Requests": 34
  },
  "User U10": {
    "Read Requests": 83,
    "Write Requests": 22
  },
  "User U11": {
    "Read Requests": 83,
    "Write Requests": 21
  },
  "User U12": {
    "Read Requests": 75,
    "Write Requests": 20
  },
  "User U13": {
    "Read Requests": 74,
    "Write Requests": 22
  },
  "User U14": {
    "Read Requests": 109,
    "Write Requests": 28
  },
  "User U15": {
    "Read Requests": 97,
    "Write Requests": 24
  },
  "User U16": {
    "Read Requests": 99,
    "Write Requests": 33
  },
  "User U17": {
    "Read Requests": 67,
    "Write Requests": 23
  },
  "User U18": {
    "Read Requests": 92,
    "Write Requests": 30
  },
  "User U19": {
    "Read Requests": 93,
    "Write Requests": 33
  },
  "User U20": {
    "Read Requests": 77,
    "Write Requests": 43
  },
  "User U21": {
    "Read Requests": 97,
    "Write Requests": 32
  },
  "User U22": {
    "Read Requests": 85,
    "Write Requests": 19
  },
  "User U23": {
    "Read Requests": 75,
    "Write Requests": 32
  },
  "User U24": {
    "Read Requests": 83,
    "Write Requests": 30
  },
  "User U25": {
    "Read Requests": 73,
    "Write Requests": 28
  },
  "User U26": {
    "Read Requests": 92,
    "Write Requests": 27
  },
  "User U27": {
    "Read Requests": 67,
    "Write Requests": 24
  },
  "User U28": {
    "Read Requests": 92,
    "Write Requests": 32
  },
  "User U29": {
    "Read Requests": 95,
    "Write Requests": 29
  },
  "User U30": {
    "Read Requests": 89,
    "Write Requests": 26
  },
  "User U31": {
    "Read Requests": 98,
    "Write Requests": 37
  },
  "User U32": {
    "Read Requests": 95,
    "Write Requests": 29
  },
  "User U33": {
    "Read Requests": 103,
    "Write Requests": 31
  },
  "User U34": {
    "Read Requests": 92,
    "Write Requests": 43
  },
  "User U35": {
    "Read Requests": 84,
    "Write Requests": 37
  },
  "User U36": {
    "Read Requests": 97,
    "Write Requests": 27
  },
  "User U37": {
    "Read Requests": 99,
    "Write Requests": 23
  },
  "User U38": {
    "Read Requests": 80,
    "Write Requests": 27
  },
  "User U39": {
    "Read Requests": 82,
    "Write Requests": 26
  },
  "User U40": {
    "Read Requests": 83,
    "Write Requests": 26
  },
  "User U41": {
    "Read Requests": 86,
    "Write Requests": 37
  },
  "User U42": {
    "Read Requests": 90,
    "Write Requests": 29
  },
  "User U43": {
    "Read Requests": 93,
    "Write Requests": 24
  },
  "User U44": {
    "Read Requests": 79,
    "Write Requests": 36
  },
  "User U45": {
    "Read Requests": 104,
    "Write Requests": 27
  },
  "User U46": {
    "Read Requests": 88,
    "Write Requests": 29
  },
  "User U47": {
    "Read Requests": 95,
    "Write Requests": 29
  },
  "User U48": {
    "Read Requests": 87,
    "Write Requests": 33
  },
  "User U49": {
    "Read Requests": 87,
    "Write Requests": 27
  },
  "User U50": {
    "Read Requests": 101,
    "Write Requests": 36
  },
  "User U51": {
    "Read Requests": 77,
    "Write Requests": 17
  },
  "User U52": {
    "Read Requests": 80,
    "Write Requests": 38
  },
  "User U53": {
    "Read Requests": 82,
    "Write Requests": 27
  },
  "User U54": {
    "Read Requests": 90,
    "Write Requests": 28
  },
  "User U55": {
    "Read Requests": 92,
    "Write Requests": 31
  },
  "User U56": {
    "Read Requests": 90,
    "Write Requests": 35
  },
  "User U57": {
    "Read Requests": 75,
    "Write Requests": 29
  },
  "User U58": {
    "Read Requests": 91,
    "Write Requests": 25
  },
  "User U59": {
    "Read Requests": 69,
    "Write Requests": 26
  },
  "User U60": {
    "Read Requests": 98,
    "Write Requests": 19
  },
  "User U61": {
    "Read Requests": 95,
    "Write Requests": 29
  },
  "User U62": {
    "Read Requests": 98,
    "Write Requests": 30
  },
  "User U63": {
    "Read Requests": 92,
    "Write Requests": 19
  },
  "User U64": {
    "Read Requests": 83,
    "Write Requests": 31
  },
  "User U65": {
    "Read Requests": 91,
    "Write Requests": 34
  },
  "User U66": {
    "Read Requests": 89,
    "Write Requests": 24
  },
  "User U67": {
    "Read Requests": 105,
    "Write Requests": 25
  },
  "User U68": {
    "Read Requests": 74,
    "Write Requests": 48
  },
  "User U69": {
    "Read Requests": 102,
    "Write Requests": 33
  },
  "User U70": {
    "Read Requests": 82,
    "Write Requests": 22
  },
  "User U71": {
    "Read Requests": 73,
    "Write Requests": 33
  },
  "User U72": {
    "Read Requests": 71,
    "Write Requests": 26
  },
  "User U73": {
    "Read Requests": 87,
    "Write Requests": 30
  },
  "User U74": {
    "Read Requests": 86,
    "Write Requests": 29
  },
  "User U75": {
    "Read Requests": 77,
    "Write Requests": 38
  },
  "User U76": {
    "Read Requests": 102,
    "Write Requests": 36
  },
  "User U77": {
    "Read Requests": 78,
    "Write Requests": 27
  },
  "User U78": {
    "Read Requests": 97,
    "Write Requests": 33
  },
  "User U79": {
    "Read Requests": 68,
    "Write Requests": 23
  },
  "User U80": {
    "Read Requests": 74,
    "Write Requests": 28
  },
  "User U81": {
    "Read Requests": 86,
    "Write Requests": 26
  },
  "User U82": {
    "Read Requests": 87,
    "Write Requests": 21
  },
  "User U83": {
    "Read Requests": 78,
    "Write Requests": 27
  },
  "User U84": {
    "Read Requests": 71,
    "Write Requests": 29
  },
  "User U85": {
    "Read Requests": 86,
    "Write Requests": 27
  },
  "User U86": {
    "Read Requests": 80,
    "Write Requests": 33
  },
  "User U87": {
    "Read Requests": 100,
    "Write Requests": 21
  },
  "User U88": {
    "Read Requests": 95,
    "Write Requests": 31
  },
  "User U89": {
    "Read Requests": 88,
    "Write Requests": 35
  },
  "User U90": {
    "Read Requests": 68,
    "Write Requests": 34
  },
  "User U91": {
    "Read Requests": 92,
    "Write Requests": 30
  },
  "User U92": {
    "Read Requests": 82,
    "Write Requests": 27
  },
  "User U93": {
    "Read Requests": 89,
    "Write Requests": 36
  },
  "User U94": {
    "Read Requests": 79,
    "Write Requests": 21
  },
  "User U95": {
    "Read Requests": 101,
    "Write Requests": 37
  },
  "User U96": {
    "Read Requests": 86,
    "Write Requests": 44
  },
  "User U97": {
    "Read Requests": 85,
    "Write Requests": 27
  },
  "User U98": {
    "Read Requests": 86,
    "Write Requests": 33
  },
  "User U99": {
    "Read Requests": 101,
    "Write Requests": 28
  },
  "User U100": {
    "Read Requests": 84,
    "Write Requests": 37
  },
  "User U101": {
    "Read Requests": 100,
    "Write Requests": 24
  },
  "User U102": {
    "Read Requests": 90,
    "Write Requests": 32
  },
  "User U103": {
    "Read Requests": 84,
    "Write Requests": 33
  },
  "User U104": {
    "Read Requests": 87,
    "Write Requests": 33
  },
  "User U105": {
    "Read Requests": 96,
    "Write Requests": 33
  },
  "User U106": {
    "Read Requests": 93,
    "Write Requests": 34
  },
  "User U107": {
    "Read Requests": 78,
    "Write Requests": 37
  },
  "User U108": {
    "Read Requests": 87,
    "Write Requests": 33
  },
  "User U109": {
    "Read Requests": 84,
    "Write Requests": 28
  },
  "User U110": {
    "Read Requests": 83,
    "Write Requests": 33
  },
  "User U111": {
    "Read Requests": 78,
    "Write Requests": 40
  },
  "User U112": {
    "Read Requests": 85,
    "Write Requests": 28
  },
  "User U113": {
    "Read Requests": 88,
    "Write Requests": 28
  },
  "User U114": {
    "Read Requests": 86,
    "Write Requests": 23
  },
  "User U115": {
    "Read Requests": 114,
    "Write Requests": 26
  },
  "User U116": {
    "Read Requests": 86,
    "Write Requests": 27
  },
  "User U117": {
    "Read Requests": 116,
    "Write Requests": 28
  },
  "User U118": {
    "Read Requests": 85,
    "Write Requests": 32
  },
  "User U119": {
    "Read Requests": 83,
    "Write Requests": 28
  },
  "User U120": {
    "Read Requests": 91,
    "Write Requests": 30
  },
  "User U121": {
    "Read Requests": 96,
    "Write Requests": 34
  },
  "User U122": {
    "Read Requests": 81,
    "Write Requests": 28
  },
  "User U123": {
    "Read Requests": 75,
    "Write Requests": 31
  },
  "User U124": {
    "Read Requests": 92,
    "Write Requests": 16
  },
  "User U125": {
    "Read Requests": 76,
    "Write Requests": 23
  },
  "User U126": {
    "Read Requests": 89,
    "Write Requests": 24
  },
  "User U127": {
    "Read Requests": 74,
    "Write Requests": 20
  },
  "User U128": {
    "Read Requests": 76,
    "Write Requests": 30
  },
  "User U129": {
    "Read Requests": 75,
    "Write Requests": 21
  },
  "User U130": {
    "Read Requests": 83,
    "Write Requests": 26
  },
  "User U131": {
    "Read Requests": 100,
    "Write Requests": 28
  },
  "User U132": {
    "Read Requests": 89,
    "Write Requests": 25
  },
  "User U133": {
    "Read Requests": 85,
    "Write Requests": 23
  },
  "User U134": {
    "Read Requests": 82,
    "Write Requests": 31
  },
  "User U135": {
    "Read Requests": 72,
    "Write Requests": 26
  },
  "User U136": {
    "Read Requests": 79,
    "Write Requests": 32
  },
  "User U137": {
    "Read Requests": 86,
    "Write Requests": 28
  },
  "User U138": {
    "Read Requests": 80,
    "Write Requests": 35
  },
  "User U139": {
    "Read Requests": 71,
    "Write Requests": 19
  },
  "User U140": {
    "Read Requests": 89,
    "Write Requests": 25
  },
  "User U141": {
    "Read Requests": 90,
    "Write Requests": 29
  },
  "User U142": {
    "Read Requests": 93,
    "Write Requests": 30
  },
  "User U143": {
    "Read Requests": 89,
    "Write Requests": 27
  },
  "User U144": {
    "Read Requests": 77,
    "Write Requests": 35
  },
  "User U145": {
    "Read Requests": 93,
    "Write Requests": 23
  },
  "User U146": {
    "Read Requests": 83,
    "Write Requests": 27
  },
  "User U147": {
    "Read Requests": 98,
    "Write Requests": 29
  },
  "User U148": {
    "Read Requests": 88,
    "Write Requests": 35
  },
  "User U149": {
    "Read Requests": 74,
    "Write Requests": 22
  },
  "User U150": {
    "Read Requests": 97,
    "Write Requests": 29
  },
  "User U151": {
    "Read Requests": 85,
    "Write Requests": 34
  },
  "User U152": {
    "Read Requests": 81,
    "Write Requests": 28
  },
  "User U153": {
    "Read Requests": 96,
    "Write Requests": 25
  },
  "User U154": {
    "Read Requests": 95,
    "Write Requests": 29
  },
  "User U155": {
    "Read Requests": 77,
    "Write Requests": 28
  },
  "User U156": {
    "Read Requests": 79,
    "Write Requests": 22
  },
  "User U157": {
    "Read Requests": 89,
    "Write Requests": 30
  },
  "User U158": {
    "Read Requests": 95,
    "Write Requests": 30
  },
  "User U159": {
    "Read Requests": 83,
    "Write Requests": 33
  },
  "User U160": {
    "Read Requests": 106,
    "Write Requests": 27
  },
  "User U161": {
    "Read Requests": 80,
    "Write Requests": 22
  },
  "User U162": {
    "Read Requests": 89,
    "Write Requests": 38
  },
  "User U163": {
    "Read Requests": 77,
    "Write Requests": 25
  },
  "User U164": {
    "Read Requests": 98,
    "Write Requests": 24
  },
  "User U165": {
    "Read Requests": 92,
    "Write Requests": 36
  },
  "User U166": {
    "Read Requests": 85,
    "Write Requests": 24
  },
  "User U167": {
    "Read Requests": 84,
    "Write Requests": 25
  },
  "User U168": {
    "Read Requests": 96,
    "Write Requests": 31
  },
  "User U169": {
    "Read Requests": 83,
    "Write Requests": 25
  },
  "User U170": {
    "Read Requests": 96,
    "Write Requests": 20
  },
  "User U171": {
    "Read Requests": 85,
    "Write Requests": 26
  },
  "User U172": {
    "Read Requests": 85,
    "Write Requests": 38
  },
  "User U173": {
    "Read Requests": 77,
    "Write Requests": 27
  },
  "User U174": {
    "Read Requests": 89,
    "Write Requests": 26
  },
  "User U175": {
    "Read Requests": 87,
    "Write Requests": 26
  },
  "User U176": {
    "Read Requests": 93,
    "Write Requests": 35
  },
  "User U177": {
    "Read Requests": 82,
    "Write Requests": 30
  },
  "User U178": {
    "Read Requests": 85,
    "Write Requests": 23
  },
  "User U179": {
    "Read Requests": 95,
    "Write Requests": 27
  },
  "User U180": {
    "Read Requests": 81,
    "Write Requests": 23
  },
  "User U181": {
    "Read Requests": 92,
    "Write Requests": 33
  },
  "User U182": {
    "Read Requests": 91,
    "Write Requests": 27
  },
  "User U183": {
    "Read Requests": 82,
    "Write Requests": 34
  },
  "User U184": {
    "Read Requests": 101,
    "Write Requests": 31
  },
  "User U185": {
    "Read Requests": 72,
    "Write Requests": 35
  },
  "User U186": {
    "Read Requests": 76,
    "Write Requests": 24
  },
  "User U187": {
    "Read Requests": 103,
    "Write Requests": 38
  },
  "User U188": {
    "Read Requests": 90,
    "Write Requests": 31
  },
  "User U189": {
    "Read Requests": 102,
    "Write Requests": 22
  },
  "User U190": {
    "Read Requests": 86,
    "Write Requests": 27
  },
  "User U191": {
    "Read Requests": 88,
    "Write Requests": 32
  },
  "User U192": {
    "Read Requests": 94,
    "Write Requests": 25
  },
  "User U193": {
    "Read Requests": 86,
    "Write Requests": 34
  },
  "User U194": {
    "Read Requests": 82,
    "Write Requests": 18
  },
  "User U195": {
    "Read Requests": 90,
    "Write Requests": 31
  },
  "User U196": {
    "Read Requests": 99,
    "Write Requests": 21
  },
  "User U197": {
    "Read Requests": 79,
    "Write Requests": 41
  },
  "User U198": {
    "Read Requests": 82,
    "Write Requests": 33
  },
  "User U199": {
    "Read Requests": 92,
    "Write Requests": 32
  },
  "User U200": {
    "Read Requests": 106,
    "Write Requests": 27
  }
}