{
  "User U1": {
    "Read Requests": 35,
    "Write Requests": 12
  },
  "User U2": {
    "Read Requests": 32,
    "Write Requests": 14
  },
  "User U3": {
    "Read Requests": 28,
    "Write Requests": 9
  },
  "User U4": {
    "Read Requests": 29,
    "Write Requests": 13
  },
  "User U5": {
    "Read Requests": 24,
    "Write Requests": 4
  },
  "User U6": {
    "Read Requests": 22,
    "Write Requests": 8
  },
  "User U7": {
    "Read Requests": 24,
    "Write Requests": 11
  },
  "User U8": {
    "Read Requests": 36,
    "Write Requests": 8
  },
  "User U9": {
    "Read Requests": 32,
    "Write Requests": 11
  },
  "User U10": {
    "Read Requests": 30,
    "Write Requests": 7
  },
  "User U11": {
    "Read Requests": 25,
    "Write Requests": 11
  },
  "User U12": {
    "Read Requests": 31,
    "Write Requests": 5
  },
  "User U13": {
    "Read Requests": 27,
    "Write Requests": 9
  },
  "User U14": {
    "Read Requests": 37,
    "Write Requests": 4
  },
  "User U15": {
    "Read Requests": 26,
    "Write Requests": 8
  },
  "User U16": {
    "Read Requests": 22,
    "Write Requests": 16
  },
  "User U17": {
    "Read Requests": 29,
    "Write Requests": 8
  },
  "User U18": {
    "Read Requests": 32,
    "Write Requests": 9
  },
  "User U19": {
    "Read Requests": 32,
    "Write Requests": 9
  },
  "User U20": {
    "Read Requests": 32,
    "Write Requests": 4
  },
  "User U21": {
    "Read Requests": 38,
    "Write Requests": 4
  },
  "User U22": {
    "Read Requests": 27,
    "Write Requests": 12
  },
  "User U23": {
    "Read Requests": 29,
    "Write Requests": 11
  },
  "User U24": {
    "Read Requests": 22,
    "Write Requests": 5
  },
  "User U25": {
    "Read Requests": 29,
    "Write Requests": 15
  },
  "User U26": {
    "Read Requests": 35,
    "Write Requests": 9
  },
  "User U27": {
    "Read Requests": 32,
    "Write Requests": 5
  },
  "User U28": {
    "Read Requests": 32,
    "Write Requests": 8
  },
  "User U29": {
    "Read Requests": 26,
    "Write Requests": 4
  },
  "User U30": {
    "Read Requests": 22,
    "Write Requests": 10
  },
  "User U31": {
    "Read Requests": 35,
    "Write Requests": 9
  },
  "User U32": {
    "Read Requests": 21,
    "Write Requests": 11
  },
  "User U33": {
    "Read Requests": 32,
    "Write Requests": 14
  },
  "User U34": {
    "Read Requests": 22,
    "Write Requests": 10
  },
  "User U35": {
    "Read Requests": 33,
    "Write Requests": 12
  },
  "User U36": {
    "Read Requests": 28,
    "Write Requests": 10
  },
  "User U37": {
    "Read Requests": 24,
    "Write Requests": 8
  },
  "User U38": {
    "Read Requests": 32,
    "Write Requests": 17
  },
  "User U39": {
    "Read Requests": 26,
    "Write Requests": 11
  },
  "User U40": {
    "Read Requests": 30,
    "Write Requests": 10
  },
  "User U41": {
    "Read Requests": 24,
    "Write Requests": 9
  },
  "User U42": {
    "Read Requests": 27,
    "Write Requests": 5
  },
  "User U43": {
    "Read Requests": 27,
    "Write Requests": 10
  },
  "User U44": {
    "Read Requests": 25,
    "Write Requests": 8
  },
  "User U45": {
    "Read Requests": 32,
    "Write Requests": 12
  },
  "User U46": {
    "Read Requests": 25,
    "Write Requests": 9
  },
  "User U47": {
    "Read Requests": 20,
    "Write Requests": 14
  },
  "User U48": {
    "Read Requests": 23,
    "Write Requests": 8
  },
  "User U49": {
    "Read Requests": 39,
    "Write Requests": 8
  },
  "User U50": {
    "Read Requests": 28,
    "Write Requests": 13
  },
  "User U51": {
    "Read Requests": 24,
    "Write Requests": 4
  },
  "User U52": {
    "Read Requests": 25,
    "Write Requests": 12
  },
  "User U53": {
    "Read Requests": 24,
    "Write Requests": 7
  },
  "User U54": {
    "Read Requests": 33,
    "Write Requests": 9
  },
  "User U55": {
    "Read Requests": 40,
    "Write Requests": 5
  },
  "User U56": {
    "Read Requests": 30,
    "Write Requests": 5
  },
  "User U57": {
    "Read Requests": 24,
    "Write Requests": 6
  },
  "User U58": {
    "Read Requests": 35,
    "Write Requests": 10
  },
  "User U59": {
    "Read Requests": 34,
    "Write Requests": 14
  },
  "User U60": {
    "Read Requests": 31,
    "Write Requests": 14
  },
  "User U61": {
    "Read Requests": 32,
    "Write Requests": 8
  },
  "User U62": {
    "Read Requests": 20,
    "Write Requests": 6
  },
  "User U63": {
    "Read Requests": 23,
    "Write Requests": 10
  },
  "User U64": {
    "Read Requests": 21,
    "Write Requests": 1
  },
  "User U65": {
    "Read Requests": 26,
    "Write Requests": 9
  },
  "User U66": {
    "Read Requests": 20,
    "Write Requests": 12
  },
  "User U67": {
    "Read Requests": 33,
    "Write Requests": 12
  },
  "User U68": {
    "Read Requests": 33,
    "Write Requests": 7
  },
  "User U69": {
    "Read Requests": 35,
    "Write Requests": 11
  },
  "User U70": {
    "Read Requests": 22,
    "Write Requests": 12
  },
  "User U71": {
    "Read Requests": 18,
    "Write Requests": 7
  },
  "User U72": {
    "Read Requests": 23,
    "Write Requests": 9
  },
  "User U73": {
    "Read Requests": 18,
    "Write Requests": 6
  },
  "User U74": {
    "Read Requests": 34,
    "Write Requests": 6
  },
  "User U75": {
    "Read Requests": 24,
    "Write Requests": 7
  },
  "User U76": {
    "Read Requests": 37,
    "Write Requests": 6
  },
  "User U77": {
    "Read Requests": 25,
    "Write Requests": 9
  },
  "User U78": {
    "Read Requests": 19,
    "Write Requests": 9
  },
  "User U79": {
    "Read Requests": 19,
    "Write Requests": 7
  },
  "User U80": {
    "Read Requests": 27,
    "Write Requests": 6
  },
  "User U81": {
    "Read Requests": 23,
    "Write Requests": 12
  },
  "User U82": {
    "Read Requests": 32,
    "Write Requests": 5
  },
  "User U83": {
    "Read Requests": 29,
    "Write Requests": 10
  },
  "User U84": {
    "Read Requests": 25,
    "Write Requests": 18
  },
  "User U85": {
    "Read Requests": 23,
    "Write Requests": 16
  },
  "User U86": {
    "Read Requests": 27,
    "Write Requests": 13
  },
  "User U87": {
    "Read Requests": 30,
    "Write Requests": 13
  },
  "User U88": {
    "Read Requests": 26,
    "Write Requests": 11
  },
  "User U89": {
    "Read Requests": 19,
    "Write Requests": 7
  },
  "User U90": {
    "Read Requests": 30,
    "Write Requests": 8
  },
  "User U91": {
    "Read Requests": 26,
    "Write Requests": 12
  },
  "User U92": {
    "Read Requests": 21,
    "Write Requests": 13
  },
  "User U93": {
    "Read Requests": 32,
    "Write Requests": 9
  },
  "User U94": {
    "Read Requests": 26,
    "Write Requests": 10
  },
  "User U95": {
    "Read Requests": 24,
    "Write Requests": 7
  },
  "User U96": {
    "Read Requests": 29,
    "Write Requests": 7
  },
  "User U97": {
    "Read Requests": 22,
    "Write Requests": 8
  },
  "User U98": {
    "Read Requests": 38,
    "Write Requests": 8
  },
  "User U99": {
    "Read Requests": 23,
    "Write Requests": 12
  },
  "User U100": {
    "Read Requests": 33,
    "Write Requests": 8
  },
  "User U101": {
    "Read Requests": 30,
    "Write Requests": 13
  },
  "User U102": {
    "Read Requests": 26,
    "Write Requests": 12
  },
  "User U103": {
    "Read Requests": 38,
    "Write Requests": 9
  },
  "User U104": {
    "Read Requests": 27,
    "Write Requests": 13
  },
  "User U105": {
    "Read Requests": 26,
    "Write Requests": 8
  },
  "User U106": {
    "Read Requests": 32,
    "Write Requests": 8
  },
  "User U107": {
    "Read Requests": 27,
    "Write Requests": 7
  },
  "User U108": {
    "Read Requests": 22,
    "Write Requests": 12
  },
  "User U109": {
    "Read Requests": 26,
    "Write Requests": 10
  },
  "User U110": {
    "Read Requests": 23,
    "Write Requests": 14
  },
  "User U111": {
    "Read Requests": 22,
    "Write Requests": 14
  },
  "User U112": {
    "Read Requests": 24,
    "Write Requests": 15
  },
  "User U113": {
    "Read Requests": 27,
    "Write Requests": 14
  },
  "User U114": {
    "Read Requests": 30,
    "Write Requests": 11
  },
  "User U115": {
    "Read Requests": 27,
    "Write Requests": 11
  },
  "User U116": {
    "Read Requests": 36,
    "Write Requests": 9
  },
  "User U117": {
    "Read Requests": 26,
    "Write Requests": 14
  },
  "User U118": {
    "Read Requests": 28,
    "Write Requests": 6
  },
  "User U119": {
    "Read Requests": 21,
    "Write Requests": 16
  },
  "User U120": {
    "Read Requests": 24,
    "Write Requests": 15
  },
  "User U121": {
    "Read Requests": 31,
    "Write Requests": 12
  },
  "User U122": {
    "Read Requests": 38,
    "Write Requests": 12
  },
  "User U123": {
    "Read Requests": 29,
    "Write Requests": 9
  },
  "User U124": {
    "Read Requests": 24,
    "Write Requests": 3
  },
  "User U125": {
    "Read Requests": 33,
    "Write Requests": 10
  },
  "User U126": {
    "Read Requests": 22,
    "Write Requests": 3
  },
  "User U127": {
    "Read Requests": 16,
    "Write Requests": 13
  },
  "User U128": {
    "Read Requests": 22,
    "Write Requests": 12
  },
  "User U129": {
    "Read Requests": 33,
    "Write Requests": 5
  },
  "User U130": {
    "Read Requests": 36,
    "Write Requests": 11
  },
  "User U131": {
    "Read Requests": 24,
    "Write Requests": 10
  },
  "User U132": {
    "Read Requests": 25,
    "Write Requests": 5
  },
  "User U133": {
    "Read Requests": 32,
    "Write Requests": 13
  },
  "User U134": {
    "Read Requests": 37,
    "Write Requests": 5
  },
  "User U135": {
    "Read Requests": 29,
    "Write Requests": 13
  },
  "User U136": {
    "Read Requests": 24,
    "Write Requests": 14
  },
  "User U137": {
    "Read Requests": 21,
    "Write Requests": 10
  },
  "User U138": {
    "Read Requests": 23,
    "Write Requests": 10
  },
  "User U139": {
    "Read Requests": 36,
    "Write Requests": 13
  },
  "User U140": {
    "Read Requests": 26,
    "Write Requests": 9
  },
  "User U141": {
    "Read Requests": 32,
    "Write Requests": 12
  },
  "User U142": {
    "Read Requests": 38,
    "Write Requests": 12
  },
  "User U143": {
    "Read Requests": 33,
    "Write Requests": 9
  },
  "User U144": {
    "Read Requests": 37,
    "Write Requests": 5
  },
  "User U145": {
    "Read Requests": 25,
    "Write Requests": 12
  },
  "User U146": {
    "Read Requests": 37,
    "Write Requests": 8
  },
  "User U147": {
    "Read Requests": 20,
    "Write Requests": 9
  },
  "User U148": {
    "Read Requests": 29,
    "Write Requests": 5
  },
  "User U149": {
    "Read Requests": 29,
    "Write Requests": 14
  },
  "User U150": {
    "Read Requests": 30,
    "Write Requests": 8
  },
  "User U151": {
    "Read Requests": 26,
    "Write Requests": 8
  },
  "User U152": {
    "Read Requests": 22,
    "Write Requests": 9
  },
  "User U153": {
    "Read Requests": 27,
    "Write Requests": 10
  },
  "User U154": {
    "Read Requests": 27,
    "Write Requests": 5
  },
  "User U155": {
    "Read Requests": 37,
    "Write Requests": 10
  },
  "User U156": {
    "Read Requests": 35,
    "Write Requests": 10
  },
  "User U157": {
    "Read Requests": 28,
    "Write Requests": 7
  },
  "User U158": {
    "Read Requests": 21,
    "Write Requests": 8
  },
  "User U159": {
    "Read Requests": 32,
    "Write Requests": 8
  },
  "User U160": {
    "Read Requests": 38,
    "Write Requests": 7
  },
  "User U161": {
    "Read Requests": 20,
    "Write Requests": 16
  },
  "User U162": {
    "Read Requests": 33,
    "Write Requests": 7
  },
  "User U163": {
    "Read Requests": 34,
    "Write Requests": 6
  },
  "User U164": {
    "Read Requests": 39,
    "Write Requests": 8
  },
  "User U165": {
    "Read Requests": 25,
    "Write Requests": 8
  },
  "User U166": {
    "Read Requests": 31,
    "Write Requests": 7
  },
  "User U167": {
    "Read Requests": 23,
    "Write Requests": 11
  },
  "User U168": {
    "Read Requests": 37,
    "Write Requests": 9
  },
  "User U169": {
    "Read Requests": 39,
    "Write Requests": 2
  },
  "User U170": {
    "Read Requests": 28,
    "Write Requests": 7
  },
  "User U171": {
    "Read Requests": 28,
    "Write Requests": 9
  },
  "User U172": {
    "Read Requests": 33,
    "Write Requests": 7
  },
  "User U173": {
    "Read Requests": 18,
    "Write Requests": 5
  },
  "User U174": {
    "Read Requests": 34,
    "Write Requests": 9
  },
  "User U175": {
    "Read Requests": 21,
    "Write Requests": 10
  },
  "User U176": {
    "Read Requests": 29,
    "Write Requests": 8
  },
  "User U177": {
    "Read Requests": 39,
    "Write Requests": 17
  },
  "User U178": {
    "Read Requests": 25,
    "Write Requests": 10
  },
  "User U179": {
    "Read Requests": 39,
    "Write Requests": 11
  },
  "User U180": {
    "Read Requests": 24,
    "Write Requests": 7
  },
  "User U181": {
    "Read Requests": 36,
    "Write Requests": 10
  },
  "User U182": {
    "Read Requests": 29,
    "Write Requests": 10
  },
  "User U183": {
    "Read Requests": 32,
    "Write Requests": 4
  },
  "User U184": {
    "Read Requests": 34,
    "Write Requests": 10
  },
  "User U185": {
    "Read Requests": 41,
    "Write Requests": 10
  },
  "User U186": {
    "Read Requests": 36,
    "Write Requests": 9
  },
  "User U187": {
    "Read Requests": 33,
    "Write Requests": 12
  },
  "User U188": {
    "Read Requests": 33,
    "Write Requests": 13
  },
  "User U189": {
    "Read Requests": 35,
    "Write Requests": 12
  },
  "User U190": {
    "Read Requests": 22,
    "Write Requests": 10
  },
  "User U191": {
    "Read Requests": 23,
    "Write Requests": 7
  },
  "User U192": {
    "Read Requests": 28,
    "Write Requests": 11
  },
  "User U193": {
    "Read Requests": 33,
    "Write Requests": 12
  },
  "User U194": {
    "Read Requests": 27,
    "Write Requests": 12
  },
  "User U195": {
    "Read Requests": 33,
    "Write Requests": 10
  },
  "User U196": {
    "Read Requests": 28,
    "Write Requests": 6
  },
  "User U197": {
    "Read Requests": 28,
    "Write Requests": 10
  },
  "User U198": {
    "Read Requests": 30,
    "Write Requests": 14
  },
  "User U199": {
    "Read Requests": 45,
    "Write Requests": 9
  },
  "User U200": {
    "Read Requests": 31,
    "Write Requests": 8
  },
  "User U201": {
    "Read Requests": 29,
    "Write Requests": 9
  },
  "User U202": {
    "Read Requests": 35,
    "Write Requests": 10
  },
  "User U203": {
    "Read Requests": 30,
    "Write Requests": 8
  },
  "User U204": {
    "Read Requests": 34,
    "Write Requests": 6
  },
  "User U205": {
    "Read Requests": 25,
    "Write Requests": 15
  },
  "User U206": {
    "Read Requests": 23,
    "Write Requests": 11
  },
  "User U207": {
    "Read Requests": 20,
    "Write Requests": 12
  },
  "User U208": {
    "Read Requests": 24,
    "Write Requests": 6
  },
  "User U209": {
    "Read Requests": 38,
    "Write Requests": 21
  },
  "User U210": {
    "Read Requests": 27,
    "Write Requests": 13
  },
  "User U211": {
    "Read Requests": 27,
    "Write Requests": 6
  },
  "User U212": {
    "Read Requests": 26,
    "Write Requests": 9
  },
  "User U213": {
    "Read Requests": 29,
    "Write Requests": 8
  },
  "User U214": {
    "Read Requests": 30,
    "Write Requests": 11
  },
  "User U215": {
    "Read Requests": 34,
    "Write Requests": 10
  },
  "User U216": {
    "Read Requests": 25,
    "Write Requests": 16
  },
  "User U217": {
    "Read Requests": 41,
    "Write Requests": 6
  },
  "User U218": {
    "Read Requests": 32,
    "Write Requests": 10
  },
  "User U219": {
    "Read Requests": 31,
    "Write Requests": 7
  },
  "User U220": {
    "Read Requests": 25,
    "Write Requests": 12
  },
  "User U221": {
    "Read Requests": 26,
    "Write Requests": 5
  },
  "User U222": {
    "Read Requests": 21,
    "Write Requests": 11
  },
  "User U223": {
    "Read Requests": 36,
    "Write Requests": 5
  },
  "User U224": {
    "Read Requests": 30,
    "Write Requests": 11
  },
  "User U225": {
    "Read Requests": 23,
    "Write Requests": 9
  },
  "User U226": {
    "Read Requests": 31,
    "Write Requests": 11
  },
  "User U227": {
    "Read Requests": 38,
    "Write Requests": 7
  },
  "User U228": {
    "Read Requests": 22,
    "Write Requests": 4
  },
  "User U229": {
    "Read Requests": 26,
    "Write Requests": 9
  },
  "User U230": {
    "Read Requests": 29,
    "Write Requests": 11
  },
  "User U231": {
    "Read Requests": 30,
    "Write Requests": 10
  },
  "User U232": {
    "Read Requests": 23,
    "Write Requests": 7
  },
  "User U233": {
    "Read Requests": 37,
    "Write Requests": 3
  },
  "User U234": {
    "Read Requests": 37,
    "Write Requests": 8
  },
  "User U235": {
    "Read Requests": 26,
    "Write Requests": 13
  },
  "User U236": {
    "Read Requests": 31,
    "Write Requests": 11
  },
  "User U237": {
    "Read Requests": 23,
    "Write Requests": 7
  },
  "User U238": {
    "Read Requests": 24,
    "Write Requests": 7
  },
  "User U239": {
    "Read Requests": 31,
    "Write Requests": 8
  },
  "User U240": {
    "Read Requests": 30,
    "Write Requests": 16
  },
  "User U241": {
    "Read Requests": 38,
    "Write Requests": 5
  },
  "User U242": {
    "Read Requests": 26,
    "Write Requests": 13
  },
  "User U243": {
    "Read Requests": 26,
    "Write Requests": 14
  },
  "User U244": {
    "Read Requests": 22,
    "Write Requests": 2
  },
  "User U245": {
    "Read Requests": 25,
    "Write Requests": 6
  },
  "User U246": {
    "Read Requests": 37,
    "Write Requests": 8
  },
  "User U247": {
    "Read Requests": 23,
    "Write Requests": 10
  },
  "User U248": {
    "Read Requests": 40,
    "Write Requests": 8
  },
  "User U249": {
    "Read Requests": 42,
    "Write Requests": 15
  },
  "User U250": {
    "Read Requests": 31,
    "Write Requests": 8
  },
  "User U251": {
    "Read Requests": 22,
    "Write Requests": 8
  },
  "User U252": {
    "Read Requests": 27,
    "Write Requests": 5
  },
  "User U253": {
    "Read Requests": 29,
    "Write Requests": 10
  },
  "User U254": {
    "Read Requests": 23,
    "Write Requests": 17
  },
  "User U255": {
    "Read Requests": 35,
    "Write Requests": 8
  },
  "User U256": {
    "Read Requests": 25,
    "Write Requests": 5
  },
  "User U257": {
    "Read Requests": 19,
    "Write Requests": 11
  },
  "User U258": {
    "Read Requests": 39,
    "Write Requests": 11
  },
  "User U259": {
    "Read Requests": 31,
    "Write Requests": 6
  },
  "User U260": {
    "Read Requests": 22,
    "Write Requests": 12
  },
  "User U261": {
    "Read Requests": 21,
    "Write Requests": 11
  },
  "User U262": {
    "Read Requests": 23,
    "Write Requests": 8
  },
  "User U263": {
    "Read Requests": 34,
    "Write Requests": 10
  },
  "User U264": {
    "Read Requests": 30,
    "Write Requests": 8
  },
  "User U265": {
    "Read Requests": 33,
    "Write Requests": 12
  },
  "User U266": {
    "Read Requests": 32,
    "Write Requests": 6
  },
  "User U267": {
    "Read Requests": 27,
    "Write Requests": 10
  },
  "User U268": {
    "Read Requests": 34,
    "Write Requests": 11
  },
  "User U269": {
    "Read Requests": 35,
    "Write Requests": 10
  },
  "User U270": {
    "Read Requests": 26,
    "Write Requests": 5
  },
  "User U271": {
    "Read Requests": 40,
    "Write Requests": 8
  },
  "User U272": {
    "Read Requests": 29,
    "Write Requests": 10
  },
  "User U273": {
    "Read Requests": 34,
    "Write Requests": 10
  },
  "User U274": {
    "Read Requests": 25,
    "Write Requests": 11
  },
  "User U275": {
    "Read Requests": 28,
    "Write Requests": 7
  },
  "User U276": {
    "Read Requests": 27,
    "Write Requests": 11
  },
  "User U277": {
    "Read Requests": 30,
    "Write Requests": 5
  },
  "User U278": {
    "Read Requests": 45,
    "Write Requests": 10
  },
  "User U279": {
    "Read Requests": 31,
    "Write Requests": 11
  },
  "User U280": {
    "Read Requests": 27,
    "Write Requests": 10
  },
  "User U281": {
    "Read Requests": 31,
    "Write Requests": 1
  },
  "User U282": {
    "Read Requests": 17,
    "Write Requests": 8
  },
  "User U283": {
    "Read Requests": 36,
    "Write Requests": 7
  },
  "User U284": {
    "Read Requests": 32,
    "Write Requests": 11
  },
  "User U285": {
    "Read Requests": 26,
    "Write Requests": 9
  },
  "User U286": {
    "Read Requests": 31,
    "Write Requests": 16
  },
  "User U287": {
    "Read Requests": 27,
    "Write Requests": 11
  },
  "User U288": {
    "Read Requests": 23,
    "Write Requests": 13
  },
  "User U289": {
    "Read Requests": 25,
    "Write Requests": 8
  },
  "User U290": {
    "Read Requests": 28,
    "Write Requests": 5
  },
  "User U291": {
    "Read Requests": 26,
    "Write Requests": 11
  },
  "User U292": {
    "Read Requests": 18,
    "Write Requests": 12
  },
  "User U293": {
    "Read Requests": 34,
    "Write Requests": 5
  },
  "User U294": {
    "Read Requests": 33,
    "Write Requests": 12
  },
  "User U295": {
    "Read Requests": 32,
    "Write Requests": 8
  },
  "User U296": {
    "Read Requests": 29,
    "Write Requests": 10
  },
  "User U297": {
    "Read Requests": 27,
    "Write Requests": 11
  },
  "User U298": {
    "Read Requests": 30,
    "Write Requests": 11
  },
  "User U299": {
    "Read Requests": 24,
    "Write Requests": 13
  },
  "User U300": {
    "Read Requests": 26,
    "Write Requests": 12
  }
}