{
  "User U1": {
    "Read Requests": 61,
    "Write Requests": 21
  },
  "User U2": {
    "Read Requests": 54,
    "Write Requests": 20
  },
  "User U3": {
    "Read Requests": 54,
    "Write Requests": 17
  },
  "User U4": {
    "Read Requests": 47,
    "Write Requests": 13
  },
  "User U5": {
    "Read Requests": 63,
    "Write Requests": 15
  },
  "User U6": {
    "Read Requests": 41,
    "Write Requests": 22
  },
  "User U7": {
    "Read Requests": 56,
    "Write Requests": 15
  },
  "User U8": {
    "Read Requests": 43,
    "Write Requests": 17
  },
  "User U9": {
    "Read Requests": 67,
    "Write Requests": 24
  },
  "User U10": {
    "Read Requests": 44,
    "Write Requests": 17
  },
  "User U11": {
    "Read Requests": 56,
    "Write Requests": 20
  },
  "User U12": {
    "Read Requests": 53,
    "Write Requests": 20
  },
  "User U13": {
    "Read Requests": 40,
    "Write Requests": 25
  },
  "User U14": {
    "Read Requests": 58,
    "Write Requests": 12
  },
  "User U15": {
    "Read Requests": 49,
    "Write Requests": 15
  },
  "User U16": {
    "Read Requests": 58,
    "Write Requests": 18
  },
  "User U17": {
    "Read Requests": 48,
    "Write Requests": 12
  },
  "User U18": {
    "Read Requests": 44,
    "Write Requests": 15
  },
  "User U19": {
    "Read Requests": 60,
    "Write Requests": 13
  },
  "User U20": {
    "Read Requests": 47,
    "Write Requests": 14
  },
  "User U21": {
    "Read Requests": 53,
    "Write Requests": 14
  },
  "User U22": {
    "Read Requests": 52,
    "Write Requests": 13
  },
  "User U23": {
    "Read Requests": 56,
    "Write Requests": 19
  },
  "User U24": {
    "Read Requests": 52,
    "Write Requests": 17
  },
  "User U25": {
    "Read Requests": 55,
    "Write Requests": 19
  },
  "User U26": {
    "Read Requests": 40,
    "Write Requests": 15
  },
  "User U27": {
    "Read Requests": 54,
    "Write Requests": 24
  },
  "User U28": {
    "Read Requests": 55,
    "Write Requests": 23
  },
  "User U29": {
    "Read Requests": 53,
    "Write Requests": 13
  },
  "User U30": {
    "Read Requests": 55,
    "Write Requests": 16
  },
  "User U31": {
    "Read Requests": 51,
    "Write Requests": 19
  },
  "User U32": {
    "Read Requests": 46,
    "Write Requests": 25
  },
  "User U33": {
    "Read Requests": 65,
    "Write Requests": 9
  },
  "User U34": {
    "Read Requests": 33,
    "Write Requests": 15
  },
  "User U35": {
    "Read Requests": 44,
    "Write Requests": 22
  },
  "User U36": {
    "Read Requests": 51,
    "Write Requests": 12
  },
  "User U37": {
    "Read Requests": 53,
    "Write Requests": 15
  },
  "User U38": {
    "Read Requests": 53,
    "Write Requests": 15
  },
  "User U39": {
    "Read Requests": 56,
    "Write Requests": 13
  },
  "User U40": {
    "Read Requests": 45,
    "Write Requests": 23
  },
  "User U41": {
    "Read Requests": 49,
    "Write Requests": 19
  },
  "User U42": {
    "Read Requests": 50,
    "Write Requests": 13
  },
  "User U43": {
    "Read Requests": 46,
    "Write Requests": 17
  },
  "User U44": {
    "Read Requests": 56,
    "Write Requests": 9
  },
  "User U45": {
    "Read Requests": 55,
    "Write Requests": 18
  },
  "User U46": {
    "Read Requests": 51,
    "Write Requests": 16
  },
  "User U47": {
    "Read Requests": 64,
    "Write Requests": 19
  },
  "User U48": {
    "Read Requests": 45,
    "Write Requests": 20
  },
  "User U49": {
    "Read Requests": 55,
    "Write Requests": 20
  },
  "User U50": {
    "Read Requests": 68,
    "Write Requests": 15
  },
  "User U51": {
    "Read Requests": 45,
    "Write Requests": 12
  },
  "User U52": {
    "Read Requests": 50,
    "Write Requests": 18
  },
  "User U53": {
    "Read Requests": 53,
    "Write Requests": 10
  },
  "User U54": {
    "Read Requests": 54,
    "Write Requests": 20
  },
  "User U55": {
    "Read Requests": 37,
    "Write Requests": 11
  },
  "User U56": {
    "Read Requests": 38,
    "Write Requests": 18
  },
  "User U57": {
    "Read Requests": 50,
    "Write Requests": 15
  },
  "User U58": {
    "Read Requests": 40,
    "Write Requests": 15
  },
  "User U59": {
    "Read Requests": 63,
    "Write Requests": 18
  },
  "User U60": {
    "Read Requests": 51,
    "Write Requests": 14
  },
  "User U61": {
    "Read Requests": 52,
    "Write Requests": 19
  },
  "User U62": {
    "Read Requests": 44,
    "Write Requests": 23
  },
  "User U63": {
    "Read Requests": 50,
    "Write Requests": 16
  },
  "User U64": {
    "Read Requests": 49,
    "Write Requests": 25
  },
  "User U65": {
    "Read Requests": 59,
    "Write Requests": 22
  },
  "User U66": {
    "Read Requests": 51,
    "Write Requests": 16
  },
  "User U67": {
    "Read Requests": 64,
    "Write Requests": 13
  },
  "User U68": {
    "Read Requests": 48,
    "Write Requests": 23
  },
  "User U69": {
    "Read Requests": 52,
    "Write Requests": 17
  },
  "User U70": {
    "Read Requests": 46,
    "Write Requests": 28
  },
  "User U71": {
    "Read Requests": 59,
    "Write Requests": 23
  },
  "User U72": {
    "Read Requests": 52,
    "Write Requests": 18
  },
  "User U73": {
    "Read Requests": 47,
    "Write Requests": 23
  },
  "User U74": {
    "Read Requests": 56,
    "Write Requests": 21
  },
  "User U75": {
    "Read Requests": 48,
    "Write Requests": 12
  },
  "User U76": {
    "Read Requests": 56,
    "Write Requests": 14
  },
  "User U77": {
    "Read Requests": 56,
    "Write Requests": 13
  },
  "User U78": {
    "Read Requests": 57,
    "Write Requests": 17
  },
  "User U79": {
    "Read Requests": 61,
    "Write Requests": 16
  },
  "User U80": {
    "Read Requests": 55,
    "Write Requests": 20
  },
  "User U81": {
    "Read Requests": 61,
    "Write Requests": 18
  },
  "User U82": {
    "Read Requests": 42,
    "Write Requests": 18
  },
  "User U83": {
    "Read Requests": 47,
    "Write Requests": 16
  },
  "User U84": {
    "Read Requests": 61,
    "Write Requests": 17
  },
  "User U85": {
    "Read Requests": 54,
    "Write Requests": 23
  },
  "User U86": {
    "Read Requests": 38,
    "Write Requests": 13
  },
  "User U87": {
    "Read Requests": 46,
    "Write Requests": 17
  },
  "User U88": {
    "Read Requests": 60,
    "Write Requests": 18
  },
  "User U89": {
    "Read Requests": 48,
    "Write Requests": 16
  },
  "User U90": {
    "Read Requests": 48,
    "Write Requests": 16
  },
  "User U91": {
    "Read Requests": 51,
    "Write Requests": 13
  },
  "User U92": {
    "Read Requests": 48,
    "Write Requests": 17
  },
  "User U93": {
    "Read Requests": 43,
    "Write Requests": 25
  },
  "User U94": {
    "Read Requests": 53,
    "Write Requests": 17
  },
  "User U95": {
    "Read Requests": 55,
    "Write Requests": 17
  },
  "User U96": {
    "Read Requests": 51,
    "Write Requests": 19
  },
  "User U97": {
    "Read Requests": 69,
    "Write Requests": 16
  },
  "User U98": {
    "Read Requests": 61,
    "Write Requests": 19
  },
  "User U99": {
    "Read Requests": 66,
    "Write Requests": 16
  },
  "User U100": {
    "Read Requests": 55,
    "Write Requests": 14
  }
}