{
  "User U1": {
    "Read Requests": 45,
    "Write Requests": 16
  },
  "User U2": {
    "Read Requests": 44,
    "Write Requests": 8
  },
  "User U3": {
    "Read Requests": 47,
    "Write Requests": 18
  },
  "User U4": {
    "Read Requests": 45,
    "Write Requests": 10
  },
  "User U5": {
    "Read Requests": 49,
    "Write Requests": 16
  },
  "User U6": {
    "Read Requests": 40,
    "Write Requests": 17
  },
  "User U7": {
    "Read Requests": 33,
    "Write Requests": 20
  },
  "User U8": {
    "Read Requests": 49,
    "Write Requests": 10
  },
  "User U9": {
    "Read Requests": 51,
    "Write Requests": 17
  },
  "User U10": {
    "Read Requests": 41,
    "Write Requests": 10
  },
  "User U11": {
    "Read Requests": 43,
    "Write Requests": 8
  },
  "User U12": {
    "Read Requests": 36,
    "Write Requests": 10
  },
  "User U13": {
    "Read Requests": 30,
    "Write Requests": 10
  },
  "User U14": {
    "Read Requests": 55,
    "Write Requests": 10
  },
  "User U15": {
    "Read Requests": 43,
    "Write Requests": 13
  },
  "User U16": {
    "Read Requests": 43,
    "Write Requests": 11
  },
  "User U17": {
    "Read Requests": 30,
    "Write Requests": 7
  },
  "User U18": {
    "Read Requests": 35,
    "Write Requests": 14
  },
  "User U19": {
    "Read Requests": 38,
    "Write Requests": 14
  },
  "User U20": {
    "Read Requests": 29,
    "Write Requests": 21
  },
  "User U21": {
    "Read Requests": 43,
    "Write Requests": 13
  },
  "User U22": {
    "Read Requests": 28,
    "Write Requests": 7
  },
  "User U23": {
    "Read Requests": 36,
    "Write Requests": 14
  },
  "User U24": {
    "Read Requests": 35,
    "Write Requests": 13
  },
  "User U25": {
    "Read Requests": 31,
    "Write Requests": 16
  },
  "User U26": {
    "Read Requests": 47,
    "Write Requests": 13
  },
  "User U27": {
    "Read Requests": 29,
    "Write Requests": 11
  },
  "User U28": {
    "Read Requests": 33,
    "Write Requests": 13
  },
  "User U29": {
    "Read Requests": 43,
    "Write Requests": 11
  },
  "User U30": {
    "Read Requests": 39,
    "Write Requests": 15
  },
  "User U31": {
    "Read Requests": 41,
    "Write Requests": 15
  },
  "User U32": {
    "Read Requests": 44,
    "Write Requests": 10
  },
  "User U33": {
    "Read Requests": 35,
    "Write Requests": 13
  },
  "User U34": {
    "Read Requests": 41,
    "Write Requests": 22
  },
  "User U35": {
    "Read Requests": 35,
    "Write Requests": 17
  },
  "User U36": {
    "Read Requests": 35,
    "Write Requests": 12
  },
  "User U37": {
    "Read Requests": 55,
    "Write Requests": 10
  },
  "User U38": {
    "Read Requests": 33,
    "Write Requests": 8
  },
  "User U39": {
    "Read Requests": 37,
    "Write Requests": 14
  },
  "User U40": {
    "Read Requests": 39,
    "Write Requests": 12
  },
  "User U41": {
    "Read Requests": 32,
    "Write Requests": 13
  },
  "User U42": {
    "Read Requests": 45,
    "Write Requests": 15
  },
  "User U43": {
    "Read Requests": 44,
    "Write Requests": 13
  },
  "User U44": {
    "Read Requests": 35,
    "Write Requests": 14
  },
  "User U45": {
    "Read Requests": 38,
    "Write Requests": 12
  },
  "User U46": {
    "Read Requests": 40,
    "Write Requests": 16
  },
  "User U47": {
    "Read Requests": 41,
    "Write Requests": 15
  },
  "User U48": {
    "Read Requests": 30,
    "Write Requests": 16
  },
  "User U49": {
    "Read Requests": 36,
    "Write Requests": 10
  },
  "User U50": {
    "Read Requests": 44,
    "Write Requests": 18
  },
  "User U51": {
    "Read Requests": 39,
    "Write Requests": 6
  },
  "User U52": {
    "Read Requests": 39,
    "Write Requests": 14
  },
  "User U53": {
    "Read Requests": 31,
    "Write Requests": 9
  },
  "User U54": {
    "Read Requests": 42,
    "Write Requests": 13
  },
  "User U55": {
    "Read Requests": 40,
    "Write Requests": 18
  },
  "User U56": {
    "Read Requests": 40,
    "Write Requests": 13
  },
  "User U57": {
    "Read Requests": 29,
    "Write Requests": 11
  },
  "User U58": {
    "Read Requests": 52,
    "Write Requests": 12
  },
  "User U59": {
    "Read Requests": 25,
    "Write Requests": 10
  },
  "User U60": {
    "Read Requests": 38,
    "Write Requests": 11
  },
  "User U61": {
    "Read Requests": 37,
    "Write Requests": 10
  },
  "User U62": {
    "Read Requests": 50,
    "Write Requests": 13
  },
  "User U63": {
    "Read Requests": 44,
    "Write Requests": 11
  },
  "User U64": {
    "Read Requests": 42,
    "Write Requests": 17
  },
  "User U65": {
    "Read Requests": 45,
    "Write Requests": 11
  },
  "User U66": {
    "Read Requests": 43,
    "Write Requests": 10
  },
  "User U67": {
    "Read Requests": 48,
    "Write Requests": 13
  },
  "User U68": {
    "Read Requests": 35,
    "Write Requests": 24
  },
  "User U69": {
    "Read Requests": 48,
    "Write Requests": 15
  },
  "User U70": {
    "Read Requests": 38,
    "Write Requests": 11
  },
  "User U71": {
    "Read Requests": 26,
    "Write Requests": 15
  },
  "User U72": {
    "Read Requests": 27,
    "Write Requests": 14
  },
  "User U73": {
    "Read Requests": 40,
    "Write Requests": 14
  },
  "User U74": {
    "Read Requests": 34,
    "Write Requests": 12
  },
  "User U75": {
    "Read Requests": 29,
    "Write Requests": 15
  },
  "User U76": {
    "Read Requests": 52,
    "Write Requests": 18
  },
  "User U77": {
    "Read Requests": 39,
    "Write Requests": 14
  },
  "User U78": {
    "Read Requests": 40,
    "Write Requests": 16
  },
  "User U79": {
    "Read Requests": 31,
    "Write Requests": 12
  },
  "User U80": {
    "Read Requests": 32,
    "Write Requests": 12
  },
  "User U81": {
    "Read Requests": 34,
    "Write Requests": 11
  },
  "User U82": {
    "Read Requests": 41,
    "Write Requests": 10
  },
  "User U83": {
    "Read Requests": 38,
    "Write Requests": 13
  },
  "User U84": {
    "Read Requests": 30,
    "Write Requests": 10
  },
  "User U85": {
    "Read Requests": 41,
    "Write Requests": 11
  },
  "User U86": {
    "Read Requests": 42,
    "Write Requests": 12
  },
  "User U87": {
    "Read Requests": 52,
    "Write Requests": 8
  },
  "User U88": {
    "Read Requests": 40,
    "Write Requests": 9
  },
  "User U89": {
    "Read Requests": 32,
    "Write Requests": 10
  },
  "User U90": {
    "Read Requests": 23,
    "Write Requests": 15
  },
  "User U91": {
    "Read Requests": 47,
    "Write Requests": 6
  },
  "User U92": {
    "Read Requests": 32,
    "Write Requests": 15
  },
  "User U93": {
    "Read Requests": 42,
    "Write Requests": 20
  },
  "User U94": {
    "Read Requests": 42,
    "Write Requests": 9
  },
  "User U95": {
    "Read Requests": 42,
    "Write Requests": 17
  },
  "User U96": {
    "Read Requests": 40,
    "Write Requests": 16
  },
  "User U97": {
    "Read Requests": 34,
    "Write Requests": 15
  },
  "User U98": {
    "Read Requests": 39,
    "Write Requests": 15
  },
  "User U99": {
    "Read Requests": 44,
    "Write Requests": 13
  },
  "User U100": {
    "Read Requests": 35,
    "Write Requests": 15
  },
  "User U101": {
    "Read Requests": 43,
    "Write Requests": 11
  },
  "User U102": {
    "Read Requests": 39,
    "Write Requests": 13
  },
  "User U103": {
    "Read Requests": 37,
    "Write Requests": 16
  },
  "User U104": {
    "Read Requests": 38,
    "Write Requests": 14
  },
  "User U105": {
    "Read Requests": 40,
    "Write Requests": 17
  },
  "User U106": {
    "Read Requests": 46,
    "Write Requests": 16
  },
  "User U107": {
    "Read Requests": 30,
    "Write Requests": 13
  },
  "User U108": {
    "Read Requests": 35,
    "Write Requests": 18
  },
  "User U109": {
    "Read Requests": 39,
    "Write Requests": 7
  },
  "User U110": {
    "Read Requests": 35,
    "Write Requests": 17
  },
  "User U111": {
    "Read Requests": 35,
    "Write Requests": 19
  },
  "User U112": {
    "Read Requests": 44,
    "Write Requests": 12
  },
  "User U113": {
    "Read Requests": 44,
    "Write Requests": 13
  },
  "User U114": {
    "Read Requests": 40,
    "Write Requests": 12
  },
  "User U115": {
    "Read Requests": 50,
    "Write Requests": 15
  },
  "User U116": {
    "Read Requests": 42,
    "Write Requests": 15
  },
  "User U117": {
    "Read Requests": 57,
    "Write Requests": 11
  },
  "User U118": {
    "Read Requests": 33,
    "Write Requests": 17
  },
  "User U119": {
    "Read Requests": 32,
    "Write Requests": 5
  },
  "User U120": {
    "Read Requests": 38,
    "Write Requests": 14
  },
  "User U121": {
    "Read Requests": 40,
    "Write Requests": 14
  },
  "User U122": {
    "Read Requests": 35,
    "Write Requests": 13
  },
  "User U123": {
    "Read Requests": 35,
    "Write Requests": 14
  },
  "User U124": {
    "Read Requests": 39,
    "Write Requests": 10
  },
  "User U125": {
    "Read Requests": 37,
    "Write Requests": 10
  },
  "User U126": {
    "Read Requests": 35,
    "Write Requests": 10
  },
  "User U127": {
    "Read Requests": 28,
    "Write Requests": 9
  },
  "User U128": {
    "Read Requests": 30,
    "Write Requests": 16
  },
  "User U129": {
    "Read Requests": 33,
    "Write Requests": 14
  },
  "User U130": {
    "Read Requests": 35,
    "Write Requests": 10
  },
  "User U131": {
    "Read Requests": 42,
    "Write Requests": 11
  },
  "User U132": {
    "Read Requests": 32,
    "Write Requests": 10
  },
  "User U133": {
    "Read Requests": 36,
    "Write Requests": 8
  },
  "User U134": {
    "Read Requests": 41,
    "Write Requests": 19
  },
  "User U135": {
    "Read Requests": 41,
    "Write Requests": 9
  },
  "User U136": {
    "Read Requests": 31,
    "Write Requests": 17
  },
  "User U137": {
    "Read Requests": 28,
    "Write Requests": 8
  },
  "User U138": {
    "Read Requests": 33,
    "Write Requests": 13
  },
  "User U139": {
    "Read Requests": 41,
    "Write Requests": 9
  },
  "User U140": {
    "Read Requests": 35,
    "Write Requests": 13
  },
  "User U141": {
    "Read Requests": 46,
    "Write Requests": 11
  },
  "User U142": {
    "Read Requests": 43,
    "Write Requests": 12
  },
  "User U143": {
    "Read Requests": 31,
    "Write Requests": 16
  },
  "User U144": {
    "Read Requests": 32,
    "Write Requests": 14
  },
  "User U145": {
    "Read Requests": 40,
    "Write Requests": 7
  },
  "User U146": {
    "Read Requests": 29,
    "Write Requests": 11
  },
  "User U147": {
    "Read Requests": 44,
    "Write Requests": 12
  },
  "User U148": {
    "Read Requests": 40,
    "Write Requests": 13
  },
  "User U149": {
    "Read Requests": 34,
    "Write Requests": 11
  },
  "User U150": {
    "Read Requests": 40,
    "Write Requests": 16
  },
  "User U151": {
    "Read Requests": 41,
    "Write Requests": 19
  },
  "User U152": {
    "Read Requests": 33,
    "Write Requests": 12
  },
  "User U153": {
    "Read Requests": 38,
    "Write Requests": 12
  },
  "User U154": {
    "Read Requests": 40,
    "Write Requests": 14
  },
  "User U155": {
    "Read Requests": 39,
    "Write Requests": 10
  },
  "User U156": {
    "Read Requests": 37,
    "Write Requests": 10
  },
  "User U157": {
    "Read Requests": 41,
    "Write Requests": 11
  },
  "User U158": {
    "Read Requests": 44,
    "Write Requests": 16
  },
  "User U159": {
    "Read Requests": 39,
    "Write Requests": 10
  },
  "User U160": {
    "Read Requests": 50,
    "Write Requests": 11
  },
  "User U161": {
    "Read Requests": 44,
    "Write Requests": 11
  },
  "User U162": {
    "Read Requests": 45,
    "Write Requests": 13
  },
  "User U163": {
    "Read Requests": 35,
    "Write Requests": 13
  },
  "User U164": {
    "Read Requests": 43,
    "Write Requests": 10
  },
  "User U165": {
    "Read Requests": 41,
    "Write Requests": 13
  },
  "User U166": {
    "Read Requests": 40,
    "Write Requests": 11
  },
  "User U167": {
    "Read Requests": 42,
    "Write Requests": 12
  },
  "User U168": {
    "Read Requests": 35,
    "Write Requests": 12
  },
  "User U169": {
    "Read Requests": 34,
    "Write Requests": 10
  },
  "User U170": {
    "Read Requests": 41,
    "Write Requests": 11
  },
  "User U171": {
    "Read Requests": 35,
    "Write Requests": 10
  },
  "User U172": {
    "Read Requests": 42,
    "Write Requests": 17
  },
  "User U173": {
    "Read Requests": 41,
    "Write Requests": 13
  },
  "User U174": {
    "Read Requests": 44,
    "Write Requests": 8
  },
  "User U175": {
    "Read Requests": 46,
    "Write Requests": 12
  },
  "User U176": {
    "Read Requests": 35,
    "Write Requests": 12
  },
  "User U177": {
    "Read Requests": 33,
    "Write Requests": 11
  },
  "User U178": {
    "Read Requests": 36,
    "Write Requests": 8
  },
  "User U179": {
    "Read Requests": 40,
    "Write Requests": 13
  },
  "User U180": {
    "Read Requests": 34,
    "Write Requests": 12
  },
  "User U181": {
    "Read Requests": 46,
    "Write Requests": 16
  },
  "User U182": {
    "Read Requests": 41,
    "Write Requests": 14
  },
  "User U183": {
    "Read Requests": 42,
    "Write Requests": 16
  },
  "User U184": {
    "Read Requests": 53,
    "Write Requests": 9
  },
  "User U185": {
    "Read Requests": 36,
    "Write Requests": 15
  },
  "User U186": {
    "Read Requests": 38,
    "Write Requests": 11
  },
  "User U187": {
    "Read Requests": 51,
    "Write Requests": 16
  },
  "User U188": {
    "Read Requests": 46,
    "Write Requests": 17
  },
  "User U189": {
    "Read Requests": 35,
    "Write Requests": 7
  },
  "User U190": {
    "Read Requests": 40,
    "Write Requests": 14
  },
  "User U191": {
    "Read Requests": 32,
    "Write Requests": 15
  },
  "User U192": {
    "Read Requests": 37,
    "Write Requests": 14
  },
  "User U193": {
    "Read Requests": 32,
    "Write Requests": 13
  },
  "User U194": {
    "Read Requests": 35,
    "Write Requests": 8
  },
  "User U195": {
    "Read Requests": 35,
    "Write Requests": 12
  },
  "User U196": {
    "Read Requests": 51,
    "Write Requests": 8
  },
  "User U197": {
    "Read Requests": 31,
    "Write Requests": 15
  },
  "User U198": {
    "Read Requests": 38,
    "Write Requests": 20
  },
  "User U199": {
    "Read Requests": 43,
    "Write Requests": 15
  },
  "User U200": {
    "Read Requests": 54,
    "Write Requests": 17
  }
}