{
  "User U1": {
    "Read Requests": 28,
    "Write Requests": 8
  },
  "User U2": {
    "Read Requests": 29,
    "Write Requests": 9
  },
  "User U3": {
    "Read Requests": 31,
    "Write Requests": 9
  },
  "User U4": {
    "Read Requests": 27,
    "Write Requests": 5
  },
  "User U5": {
    "Read Requests": 35,
    "Write Requests": 8
  },
  "User U6": {
    "Read Requests": 15,
    "Write Requests": 11
  },
  "User U7": {
    "Read Requests": 27,
    "Write Requests": 8
  },
  "User U8": {
    "Read Requests": 19,
    "Write Requests": 10
  },
  "User U9": {
    "Read Requests": 32,
    "Write Requests": 10
  },
  "User U10": {
    "Read Requests": 20,
    "Write Requests": 6
  },
  "User U11": {
    "Read Requests": 30,
    "Write Requests": 8
  },
  "User U12": {
    "Read Requests": 22,
    "Write Requests": 10
  },
  "User U13": {
    "Read Requests": 20,
    "Write Requests": 11
  },
  "User U14": {
    "Read Requests": 33,
    "Write Requests": 6
  },
  "User U15": {
    "Read Requests": 25,
    "Write Requests": 9
  },
  "User U16": {
    "Read Requests": 29,
    "Write Requests": 9
  },
  "User U17": {
    "Read Requests": 24,
    "Write Requests": 6
  },
  "User U18": {
    "Read Requests": 22,
    "Write Requests": 9
  },
  "User U19": {
    "Read Requests": 30,
    "Write Requests": 7
  },
  "User U20": {
    "Read Requests": 23,
    "Write Requests": 7
  },
  "User U21": {
    "Read Requests": 28,
    "Write Requests": 7
  },
  "User U22": {
    "Read Requests": 26,
    "Write Requests": 8
  },
  "User U23": {
    "Read Requests": 25,
    "Write Requests": 10
  },
  "User U24": {
    "Read Requests": 27,
    "Write Requests": 6
  },
  "User U25": {
    "Read Requests": 24,
    "Write Requests": 11
  },
  "User U26": {
    "Read Requests": 19,
    "Write Requests": 6
  },
  "User U27": {
    "Read Requests": 23,
    "Write Requests": 12
  },
  "User U28": {
    "Read Requests": 26,
    "Write Requests": 9
  },
  "User U29": {
    "Read Requests": 24,
    "Write Requests": 7
  },
  "User U30": {
    "Read Requests": 25,
    "Write Requests": 8
  },
  "User U31": {
    "Read Requests": 33,
    "Write Requests": 15
  },
  "User U32": {
    "Read Requests": 26,
    "Write Requests": 15
  },
  "User U33": {
    "Read Requests": 29,
    "Write Requests": 6
  },
  "User U34": {
    "Read Requests": 17,
    "Write Requests": 10
  },
  "User U35": {
    "Read Requests": 20,
    "Write Requests": 11
  },
  "User U36": {
    "Read Requests": 26,
    "Write Requests": 5
  },
  "User U37": {
    "Read Requests": 28,
    "Write Requests": 6
  },
  "User U38": {
    "Read Requests": 23,
    "Write Requests": 7
  },
  "User U39": {
    "Read Requests": 33,
    "Write Requests": 8
  },
  "User U40": {
    "Read Requests": 21,
    "Write Requests": 7
  },
  "User U41": {
    "Read Requests": 22,
    "Write Requests": 12
  },
  "User U42": {
    "Read Requests": 26,
    "Write Requests": 5
  },
  "User U43": {
    "Read Requests": 21,
    "Write Requests": 10
  },
  "User U44": {
    "Read Requests": 22,
    "Write Requests": 7
  },
  "User U45": {
    "Read Requests": 27,
    "Write Requests": 9
  },
  "User U46": {
    "Read Requests": 28,
    "Write Requests": 10
  },
  "User U47": {
    "Read Requests": 31,
    "Write Requests": 11
  },
  "User U48": {
    "Read Requests": 22,
    "Write Requests": 10
  },
  "User U49": {
    "Read Requests": 25,
    "Write Requests": 10
  },
  "User U50": {
    "Read Requests": 37,
    "Write Requests": 9
  },
  "User U51": {
    "Read Requests": 30,
    "Write Requests": 4
  },
  "User U52": {
    "Read Requests": 24,
    "Write Requests": 6
  },
  "User U53": {
    "Read Requests": 29,
    "Write Requests": 6
  },
  "User U54": {
    "Read Requests": 28,
    "Write Requests": 4
  },
  "User U55": {
    "Read Requests": 23,
    "Write Requests": 4
  },
  "User U56": {
    "Read Requests": 22,
    "Write Requests": 12
  },
  "User U57": {
    "Read Requests": 23,
    "Write Requests": 7
  },
  "User U58": {
    "Read Requests": 22,
    "Write Requests": 9
  },
  "User U59": {
    "Read Requests": 39,
    "Write Requests": 8
  },
  "User U60": {
    "Read Requests": 27,
    "Write Requests": 6
  },
  "User U61": {
    "Read Requests": 22,
    "Write Requests": 5
  },
  "User U62": {
    "Read Requests": 24,
    "Write Requests": 9
  },
  "User U63": {
    "Read Requests": 25,
    "Write Requests": 9
  },
  "User U64": {
    "Read Requests": 25,
    "Write Requests": 13
  },
  "User U65": {
    "Read Requests": 31,
    "Write Requests": 12
  },
  "User U66": {
    "Read Requests": 27,
    "Write Requests": 9
  },
  "User U67": {
    "Read Requests": 30,
    "Write Requests": 6
  },
  "User U68": {
    "Read Requests": 23,
    "Write Requests": 17
  },
  "User U69": {
    "Read Requests": 27,
    "Write Requests": 7
  },
  "User U70": {
    "Read Requests": 27,
    "Write Requests": 12
  },
  "User U71": {
    "Read Requests": 31,
    "Write Requests": 7
  },
  "User U72": {
    "Read Requests": 26,
    "Write Requests": 8
  },
  "User U73": {
    "Read Requests": 25,
    "Write Requests": 15
  },
  "User U74": {
    "Read Requests": 27,
    "Write Requests": 11
  },
  "User U75": {
    "Read Requests": 27,
    "Write Requests": 7
  },
  "User U76": {
    "Read Requests": 31,
    "Write Requests": 7
  },
  "User U77": {
    "Read Requests": 26,
    "Write Requests": 7
  },
  "User U78": {
    "Read Requests": 25,
    "Write Requests": 10
  },
  "User U79": {
    "Read Requests": 31,
    "Write Requests": 6
  },
  "User U80": {
    "Read Requests": 23,
    "Write Requests": 8
  },
  "User U81": {
    "Read Requests": 23,
    "Write Requests": 9
  },
  "User U82": {
    "Read Requests": 27,
    "Write Requests": 12
  },
  "User U83": {
    "Read Requests": 20,
    "Write Requests": 11
  },
  "User U84": {
    "Read Requests": 35,
    "Write Requests": 9
  },
  "User U85": {
    "Read Requests": 27,
    "Write Requests": 12
  },
  "User U86": {
    "Read Requests": 23,
    "Write Requests": 7
  },
  "User U87": {
    "Read Requests": 19,
    "Write Requests": 8
  },
  "User U88": {
    "Read Requests": 33,
    "Write Requests": 8
  },
  "User U89": {
    "Read Requests": 28,
    "Write Requests": 4
  },
  "User U90": {
    "Read Requests": 24,
    "Write Requests": 6
  },
  "User U91": {
    "Read Requests": 25,
    "Write Requests": 10
  },
  "User U92": {
    "Read Requests": 22,
    "Write Requests": 8
  },
  "User U93": {
    "Read Requests": 24,
    "Write Requests": 13
  },
  "User U94": {
    "Read Requests": 24,
    "Write Requests": 7
  },
  "User U95": {
    "Read Requests": 27,
    "Write Requests": 8
  },
  "User U96": {
    "Read Requests": 25,
    "Write Requests": 10
  },
  "User U97": {
    "Read Requests": 42,
    "Write Requests": 5
  },
  "User U98": {
    "Read Requests": 37,
    "Write Requests": 11
  },
  "User U99": {
    "Read Requests": 34,
    "Write Requests": 10
  },
  "User U100": {
    "Read Requests": 29,
    "Write Requests": 6
  }
}