{
  "Node 162977": {
    "Read Requests Served": 27,
    "Write Requests Served": 33,
    "Hops": 138
  },
  "Node 221420": {
    "Read Requests Served": 14,
    "Write Requests Served": 16,
    "Hops": 202
  },
  "Node 255856": {
    "Read Requests Served": 27,
    "Write Requests Served": 33,
    "Hops": 232
  },
  "Node 167917": {
    "Read Requests Served": 16,
    "Write Requests Served": 14,
    "Hops": 136
  },
  "Node 23557": {
    "Read Requests Served": 7,
    "Write Requests Served": 19,
    "Hops": 93
  },
  "Node 143463": {
    "Read Requests Served": 36,
    "Write Requests Served": 29,
    "Hops": 190
  },
  "Node 123417": {
    "Read Requests Served": 7,
    "Write Requests Served": 11,
    "Hops": 121
  },
  "Node 67415": {
    "Read Requests Served": 12,
    "Write Requests Served": 13,
    "Hops": 61
  },
  "Node 241381": {
    "Read Requests Served": 28,
    "Write Requests Served": 31,
    "Hops": 187
  },
  "Node 123921": {
    "Read Requests Served": 0,
    "Write Requests Served": 8,
    "Hops": 67
  },
  "Node 208508": {
    "Read Requests Served": 11,
    "Write Requests Served": 12,
    "Hops": 90
  },
  "Node 97999": {
    "Read Requests Served": 0,
    "Write Requests Served": 5,
    "Hops": 90
  },
  "Node 150911": {
    "Read Requests Served": 4,
    "Write Requests Served": 7,
    "Hops": 122
  },
  "Node 4976": {
    "Read Requests Served": 22,
    "Write Requests Served": 23,
    "Hops": 279
  },
  "Node 62644": {
    "Read Requests Served": 5,
    "Write Requests Served": 7,
    "Hops": 216
  },
  "Node 152273": {
    "Read Requests Served": 24,
    "Write Requests Served": 25,
    "Hops": 195
  },
  "Node 126231": {
    "Read Requests Served": 5,
    "Write Requests Served": 9,
    "Hops": 63
  },
  "Node 52708": {
    "Read Requests Served": 1,
    "Write Requests Served": 9,
    "Hops": 79
  },
  "Node 201518": {
    "Read Requests Served": 1,
    "Write Requests Served": 7,
    "Hops": 181
  },
  "Node 184113": {
    "Read Requests Served": 26,
    "Write Requests Served": 25,
    "Hops": 282
  },
  "Node 158023": {
    "Read Requests Served": 18,
    "Write Requests Served": 16,
    "Hops": 110
  },
  "Node 94091": {
    "Read Requests Served": 0,
    "Write Requests Served": 7,
    "Hops": 72
  },
  "Node 159111": {
    "Read Requests Served": 31,
    "Write Requests Served": 30,
    "Hops": 307
  },
  "Node 221478": {
    "Read Requests Served": 0,
    "Write Requests Served": 3,
    "Hops": 61
  },
  "Node 52449": {
    "Read Requests Served": 18,
    "Write Requests Served": 19,
    "Hops": 187
  },
  "Node 207856": {
    "Read Requests Served": 10,
    "Write Requests Served": 10,
    "Hops": 48
  },
  "Node 62814": {
    "Read Requests Served": 0,
    "Write Requests Served": 9,
    "Hops": 29
  },
  "Node 188710": {
    "Read Requests Served": 29,
    "Write Requests Served": 24,
    "Hops": 180
  },
  "Node 154837": {
    "Read Requests Served": 0,
    "Write Requests Served": 6,
    "Hops": 80
  },
  "Node 135754": {
    "Read Requests Served": 4,
    "Write Requests Served": 16,
    "Hops": 132
  },
  "Node 191655": {
    "Read Requests Served": 27,
    "Write Requests Served": 25,
    "Hops": 135
  },
  "Node 199120": {
    "Read Requests Served": 14,
    "Write Requests Served": 14,
    "Hops": 46
  },
  "Node 151697": {
    "Read Requests Served": 2,
    "Write Requests Served": 10,
    "Hops": 47
  },
  "Node 12497": {
    "Read Requests Served": 56,
    "Write Requests Served": 49,
    "Hops": 381
  },
  "Node 15196": {
    "Read Requests Served": 10,
    "Write Requests Served": 14,
    "Hops": 182
  },
  "Node 251766": {
    "Read Requests Served": 27,
    "Write Requests Served": 29,
    "Hops": 274
  },
  "Node 240174": {
    "Read Requests Served": 20,
    "Write Requests Served": 25,
    "Hops": 89
  },
  "Node 47186": {
    "Read Requests Served": 12,
    "Write Requests Served": 16,
    "Hops": 154
  },
  "Node 239190": {
    "Read Requests Served": 0,
    "Write Requests Served": 4,
    "Hops": 25
  },
  "Node 230947": {
    "Read Requests Served": 14,
    "Write Requests Served": 17,
    "Hops": 138
  },
  "Node 57037": {
    "Read Requests Served": 31,
    "Write Requests Served": 26,
    "Hops": 246
  },
  "Node 203997": {
    "Read Requests Served": 5,
    "Write Requests Served": 5,
    "Hops": 67
  },
  "Node 22781": {
    "Read Requests Served": 4,
    "Write Requests Served": 5,
    "Hops": 67
  },
  "Node 254555": {
    "Read Requests Served": 16,
    "Write Requests Served": 22,
    "Hops": 365
  },
  "Node 94070": {
    "Read Requests Served": 4,
    "Write Requests Served": 5,
    "Hops": 70
  },
  "Node 132578": {
    "Read Requests Served": 3,
    "Write Requests Served": 9,
    "Hops": 65
  },
  "Node 98228": {
    "Read Requests Served": 7,
    "Write Requests Served": 7,
    "Hops": 140
  },
  "Node 205198": {
    "Read Requests Served": 1,
    "Write Requests Served": 3,
    "Hops": 56
  },
  "Node 208173": {
    "Read Requests Served": 11,
    "Write Requests Served": 19,
    "Hops": 94
  },
  "Node 95876": {
    "Read Requests Served": 32,
    "Write Requests Served": 30,
    "Hops": 197
  },
  "Node 114062": {
    "Read Requests Served": 16,
    "Write Requests Served": 22,
    "Hops": 334
  },
  "Node 16352": {
    "Read Requests Served": 18,
    "Write Requests Served": 16,
    "Hops": 42
  },
  "Node 239188": {
    "Read Requests Served": 92,
    "Write Requests Served": 85,
    "Hops": 489
  },
  "Node 44820": {
    "Read Requests Served": 11,
    "Write Requests Served": 18,
    "Hops": 84
  },
  "Node 7518": {
    "Read Requests Served": 26,
    "Write Requests Served": 21,
    "Hops": 202
  },
  "Node 69056": {
    "Read Requests Served": 3,
    "Write Requests Served": 5,
    "Hops": 150
  },
  "Node 133994": {
    "Read Requests Served": 8,
    "Write Requests Served": 9,
    "Hops": 78
  },
  "Node 198435": {
    "Read Requests Served": 19,
    "Write Requests Served": 24,
    "Hops": 296
  },
  "Node 68675": {
    "Read Requests Served": 14,
    "Write Requests Served": 15,
    "Hops": 87
  },
  "Node 84933": {
    "Read Requests Served": 2,
    "Write Requests Served": 9,
    "Hops": 118
  },
  "Node 233215": {
    "Read Requests Served": 14,
    "Write Requests Served": 16,
    "Hops": 162
  },
  "Node 71971": {
    "Read Requests Served": 7,
    "Write Requests Served": 13,
    "Hops": 41
  },
  "Node 188124": {
    "Read Requests Served": 2,
    "Write Requests Served": 6,
    "Hops": 113
  },
  "Node 1456": {
    "Read Requests Served": 23,
    "Write Requests Served": 27,
    "Hops": 163
  },
  "Node 256170": {
    "Read Requests Served": 3,
    "Write Requests Served": 10,
    "Hops": 81
  },
  "Node 249323": {
    "Read Requests Served": 39,
    "Write Requests Served": 32,
    "Hops": 224
  },
  "Node 155942": {
    "Read Requests Served": 9,
    "Write Requests Served": 13,
    "Hops": 115
  },
  "Node 120055": {
    "Read Requests Served": 34,
    "Write Requests Served": 34,
    "Hops": 242
  },
  "Node 215467": {
    "Read Requests Served": 79,
    "Write Requests Served": 57,
    "Hops": 280
  },
  "Node 153351": {
    "Read Requests Served": 10,
    "Write Requests Served": 13,
    "Hops": 67
  },
  "Node 7706": {
    "Read Requests Served": 6,
    "Write Requests Served": 12,
    "Hops": 104
  },
  "Node 138420": {
    "Read Requests Served": 10,
    "Write Requests Served": 15,
    "Hops": 81
  },
  "Node 232075": {
    "Read Requests Served": 23,
    "Write Requests Served": 36,
    "Hops": 208
  },
  "Node 135188": {
    "Read Requests Served": 0,
    "Write Requests Served": 4,
    "Hops": 20
  },
  "Node 70919": {
    "Read Requests Served": 21,
    "Write Requests Served": 27,
    "Hops": 210
  },
  "Node 44403": {
    "Read Requests Served": 3,
    "Write Requests Served": 2,
    "Hops": 102
  },
  "Node 122336": {
    "Read Requests Served": 15,
    "Write Requests Served": 12,
    "Hops": 71
  },
  "Node 213221": {
    "Read Requests Served": 18,
    "Write Requests Served": 11,
    "Hops": 88
  },
  "Node 22409": {
    "Read Requests Served": 1,
    "Write Requests Served": 3,
    "Hops": 211
  },
  "Node 9326": {
    "Read Requests Served": 39,
    "Write Requests Served": 39,
    "Hops": 331
  },
  "Node 200717": {
    "Read Requests Served": 15,
    "Write Requests Served": 17,
    "Hops": 268
  },
  "Node 222464": {
    "Read Requests Served": 26,
    "Write Requests Served": 26,
    "Hops": 142
  },
  "Node 15198": {
    "Read Requests Served": 0,
    "Write Requests Served": 4,
    "Hops": 26
  },
  "Node 155444": {
    "Read Requests Served": 5,
    "Write Requests Served": 9,
    "Hops": 85
  },
  "Node 2714": {
    "Read Requests Served": 3,
    "Write Requests Served": 18,
    "Hops": 57
  },
  "Node 203083": {
    "Read Requests Served": 4,
    "Write Requests Served": 8,
    "Hops": 29
  },
  "Node 39268": {
    "Read Requests Served": 12,
    "Write Requests Served": 17,
    "Hops": 194
  },
  "Node 104799": {
    "Read Requests Served": 38,
    "Write Requests Served": 28,
    "Hops": 162
  },
  "Node 68142": {
    "Read Requests Served": 1,
    "Write Requests Served": 3,
    "Hops": 79
  },
  "Node 235888": {
    "Read Requests Served": 26,
    "Write Requests Served": 25,
    "Hops": 132
  },
  "Node 227137": {
    "Read Requests Served": 5,
    "Write Requests Served": 11,
    "Hops": 85
  },
  "Node 230604": {
    "Read Requests Served": 2,
    "Write Requests Served": 5,
    "Hops": 51
  },
  "Node 122943": {
    "Read Requests Served": 10,
    "Write Requests Served": 19,
    "Hops": 154
  },
  "Node 152853": {
    "Read Requests Served": 20,
    "Write Requests Served": 23,
    "Hops": 116
  },
  "Node 32112": {
    "Read Requests Served": 5,
    "Write Requests Served": 9,
    "Hops": 57
  },
  "Node 189297": {
    "Read Requests Served": 13,
    "Write Requests Served": 18,
    "Hops": 154
  },
  "Node 24040": {
    "Read Requests Served": 7,
    "Write Requests Served": 11,
    "Hops": 132
  },
  "Node 206268": {
    "Read Requests Served": 9,
    "Write Requests Served": 15,
    "Hops": 52
  },
  "Node 137032": {
    "Read Requests Served": 0,
    "Write Requests Served": 5,
    "Hops": 32
  },
  "Node 241959": {
    "Read Requests Served": 13,
    "Write Requests Served": 21,
    "Hops": 80
  },
  "Node 179701": {
    "Read Requests Served": 16,
    "Write Requests Served": 16,
    "Hops": 160
  },
  "Node 135187": {
    "Read Requests Served": 32,
    "Write Requests Served": 21,
    "Hops": 230
  },
  "Node 75819": {
    "Read Requests Served": 6,
    "Write Requests Served": 11,
    "Hops": 96
  },
  "Node 160742": {
    "Read Requests Served": 64,
    "Write Requests Served": 41,
    "Hops": 229
  },
  "Node 55752": {
    "Read Requests Served": 0,
    "Write Requests Served": 6,
    "Hops": 40
  },
  "Node 243061": {
    "Read Requests Served": 33,
    "Write Requests Served": 22,
    "Hops": 168
  },
  "Node 173054": {
    "Read Requests Served": 1,
    "Write Requests Served": 7,
    "Hops": 178
  },
  "Node 100046": {
    "Read Requests Served": 28,
    "Write Requests Served": 25,
    "Hops": 138
  },
  "Node 63317": {
    "Read Requests Served": 9,
    "Write Requests Served": 16,
    "Hops": 42
  },
  "Node 22620": {
    "Read Requests Served": 11,
    "Write Requests Served": 8,
    "Hops": 67
  },
  "Node 72643": {
    "Read Requests Served": 32,
    "Write Requests Served": 24,
    "Hops": 153
  },
  "Node 192110": {
    "Read Requests Served": 3,
    "Write Requests Served": 8,
    "Hops": 91
  },
  "Node 153097": {
    "Read Requests Served": 0,
    "Write Requests Served": 4,
    "Hops": 31
  },
  "Node 229847": {
    "Read Requests Served": 16,
    "Write Requests Served": 17,
    "Hops": 87
  },
  "Node 88995": {
    "Read Requests Served": 39,
    "Write Requests Served": 28,
    "Hops": 379
  },
  "Node 87697": {
    "Read Requests Served": 2,
    "Write Requests Served": 6,
    "Hops": 110
  },
  "Node 15937": {
    "Read Requests Served": 17,
    "Write Requests Served": 17,
    "Hops": 130
  },
  "Node 125860": {
    "Read Requests Served": 2,
    "Write Requests Served": 6,
    "Hops": 66
  },
  "Node 205818": {
    "Read Requests Served": 19,
    "Write Requests Served": 23,
    "Hops": 120
  },
  "Node 246238": {
    "Read Requests Served": 28,
    "Write Requests Served": 29,
    "Hops": 178
  },
  "Node 180339": {
    "Read Requests Served": 11,
    "Write Requests Served": 21,
    "Hops": 74
  },
  "Node 73648": {
    "Read Requests Served": 5,
    "Write Requests Served": 10,
    "Hops": 48
  },
  "Node 67004": {
    "Read Requests Served": 20,
    "Write Requests Served": 29,
    "Hops": 219
  },
  "Node 103576": {
    "Read Requests Served": 21,
    "Write Requests Served": 36,
    "Hops": 159
  },
  "Node 65667": {
    "Read Requests Served": 17,
    "Write Requests Served": 20,
    "Hops": 64
  },
  "Node 97263": {
    "Read Requests Served": 8,
    "Write Requests Served": 11,
    "Hops": 129
  },
  "Node 168124": {
    "Read Requests Served": 0,
    "Write Requests Served": 2,
    "Hops": 28
  },
  "Node 229448": {
    "Read Requests Served": 23,
    "Write Requests Served": 20,
    "Hops": 290
  },
  "Node 216956": {
    "Read Requests Served": 26,
    "Write Requests Served": 23,
    "Hops": 206
  },
  "Node 135572": {
    "Read Requests Served": 6,
    "Write Requests Served": 8,
    "Hops": 33
  },
  "Node 168712": {
    "Read Requests Served": 3,
    "Write Requests Served": 13,
    "Hops": 48
  },
  "Node 129231": {
    "Read Requests Served": 13,
    "Write Requests Served": 18,
    "Hops": 222
  },
  "Node 93338": {
    "Read Requests Served": 20,
    "Write Requests Served": 20,
    "Hops": 142
  },
  "Node 151235": {
    "Read Requests Served": 12,
    "Write Requests Served": 12,
    "Hops": 82
  },
  "Node 6911": {
    "Read Requests Served": 44,
    "Write Requests Served": 40,
    "Hops": 336
  },
  "Node 12813": {
    "Read Requests Served": 7,
    "Write Requests Served": 13,
    "Hops": 55
  },
  "Node 96682": {
    "Read Requests Served": 0,
    "Write Requests Served": 7,
    "Hops": 30
  },
  "Node 220250": {
    "Read Requests Served": 9,
    "Write Requests Served": 20,
    "Hops": 96
  },
  "Node 38581": {
    "Read Requests Served": 64,
    "Write Requests Served": 63,
    "Hops": 333
  },
  "Node 24367": {
    "Read Requests Served": 16,
    "Write Requests Served": 13,
    "Hops": 106
  },
  "Node 97700": {
    "Read Requests Served": 3,
    "Write Requests Served": 7,
    "Hops": 74
  },
  "Node 239307": {
    "Read Requests Served": 4,
    "Write Requests Served": 10,
    "Hops": 22
  },
  "Node 247003": {
    "Read Requests Served": 45,
    "Write Requests Served": 31,
    "Hops": 99
  },
  "Node 55126": {
    "Read Requests Served": 0,
    "Write Requests Served": 3,
    "Hops": 142
  },
  "Node 240463": {
    "Read Requests Served": 4,
    "Write Requests Served": 12,
    "Hops": 123
  },
  "Node 179447": {
    "Read Requests Served": 28,
    "Write Requests Served": 30,
    "Hops": 197
  },
  "Node 191065": {
    "Read Requests Served": 9,
    "Write Requests Served": 14,
    "Hops": 28
  },
  "Node 53213": {
    "Read Requests Served": 2,
    "Write Requests Served": 7,
    "Hops": 48
  },
  "Node 151640": {
    "Read Requests Served": 16,
    "Write Requests Served": 17,
    "Hops": 204
  },
  "Node 70268": {
    "Read Requests Served": 4,
    "Write Requests Served": 7,
    "Hops": 33
  },
  "Node 168116": {
    "Read Requests Served": 2,
    "Write Requests Served": 10,
    "Hops": 189
  },
  "Node 178412": {
    "Read Requests Served": 1,
    "Write Requests Served": 9,
    "Hops": 47
  },
  "Node 97927": {
    "Read Requests Served": 8,
    "Write Requests Served": 10,
    "Hops": 77
  },
  "Node 65171": {
    "Read Requests Served": 7,
    "Write Requests Served": 15,
    "Hops": 69
  },
  "Node 48495": {
    "Read Requests Served": 10,
    "Write Requests Served": 15,
    "Hops": 156
  },
  "Node 260097": {
    "Read Requests Served": 20,
    "Write Requests Served": 25,
    "Hops": 326
  },
  "Node 163947": {
    "Read Requests Served": 37,
    "Write Requests Served": 39,
    "Hops": 339
  },
  "Node 104096": {
    "Read Requests Served": 5,
    "Write Requests Served": 8,
    "Hops": 103
  },
  "Node 85645": {
    "Read Requests Served": 10,
    "Write Requests Served": 16,
    "Hops": 116
  },
  "Node 92338": {
    "Read Requests Served": 57,
    "Write Requests Served": 44,
    "Hops": 354
  },
  "Node 85256": {
    "Read Requests Served": 14,
    "Write Requests Served": 18,
    "Hops": 114
  },
  "Node 89086": {
    "Read Requests Served": 3,
    "Write Requests Served": 10,
    "Hops": 51
  },
  "Node 131611": {
    "Read Requests Served": 74,
    "Write Requests Served": 59,
    "Hops": 395
  },
  "Node 261055": {
    "Read Requests Served": 22,
    "Write Requests Served": 22,
    "Hops": 87
  },
  "Node 215827": {
    "Read Requests Served": 0,
    "Write Requests Served": 9,
    "Hops": 44
  },
  "Node 103721": {
    "Read Requests Served": 5,
    "Write Requests Served": 10,
    "Hops": 132
  },
  "Node 228369": {
    "Read Requests Served": 8,
    "Write Requests Served": 11,
    "Hops": 95
  },
  "Node 191922": {
    "Read Requests Served": 10,
    "Write Requests Served": 9,
    "Hops": 92
  },
  "Node 159345": {
    "Read Requests Served": 0,
    "Write Requests Served": 6,
    "Hops": 33
  },
  "Node 185435": {
    "Read Requests Served": 34,
    "Write Requests Served": 30,
    "Hops": 252
  },
  "Node 137026": {
    "Read Requests Served": 5,
    "Write Requests Served": 7,
    "Hops": 60
  },
  "Node 205122": {
    "Read Requests Served": 3,
    "Write Requests Served": 5,
    "Hops": 42
  },
  "Node 233440": {
    "Read Requests Served": 5,
    "Write Requests Served": 12,
    "Hops": 73
  },
  "Node 110719": {
    "Read Requests Served": 19,
    "Write Requests Served": 26,
    "Hops": 155
  },
  "Node 178076": {
    "Read Requests Served": 18,
    "Write Requests Served": 18,
    "Hops": 100
  },
  "Node 218415": {
    "Read Requests Served": 16,
    "Write Requests Served": 11,
    "Hops": 92
  },
  "Node 132523": {
    "Read Requests Served": 13,
    "Write Requests Served": 18,
    "Hops": 74
  },
  "Node 31984": {
    "Read Requests Served": 18,
    "Write Requests Served": 15,
    "Hops": 188
  },
  "Node 191147": {
    "Read Requests Served": 0,
    "Write Requests Served": 6,
    "Hops": 37
  },
  "Node 255217": {
    "Read Requests Served": 10,
    "Write Requests Served": 13,
    "Hops": 95
  },
  "Node 85887": {
    "Read Requests Served": 5,
    "Write Requests Served": 14,
    "Hops": 30
  },
  "Node 55842": {
    "Read Requests Served": 0,
    "Write Requests Served": 1,
    "Hops": 28
  },
  "Node 164844": {
    "Read Requests Served": 13,
    "Write Requests Served": 9,
    "Hops": 66
  },
  "Node 41794": {
    "Read Requests Served": 13,
    "Write Requests Served": 14,
    "Hops": 123
  },
  "Node 55659": {
    "Read Requests Served": 9,
    "Write Requests Served": 19,
    "Hops": 216
  },
  "Node 170825": {
    "Read Requests Served": 67,
    "Write Requests Served": 61,
    "Hops": 236
  },
  "Node 219841": {
    "Read Requests Served": 9,
    "Write Requests Served": 11,
    "Hops": 34
  },
  "Node 151045": {
    "Read Requests Served": 2,
    "Write Requests Served": 10,
    "Hops": 33
  },
  "Node 45512": {
    "Read Requests Served": 21,
    "Write Requests Served": 24,
    "Hops": 140
  },
  "Node 154822": {
    "Read Requests Served": 27,
    "Write Requests Served": 38,
    "Hops": 284
  },
  "Node 136270": {
    "Read Requests Served": 8,
    "Write Requests Served": 14,
    "Hops": 128
  },
  "Node 174682": {
    "Read Requests Served": 45,
    "Write Requests Served": 46,
    "Hops": 161
  },
  "Node 196217": {
    "Read Requests Served": 6,
    "Write Requests Served": 12,
    "Hops": 86
  },
  "Node 53881": {
    "Read Requests Served": 0,
    "Write Requests Served": 7,
    "Hops": 44
  },
  "Node 43792": {
    "Read Requests Served": 14,
    "Write Requests Served": 21,
    "Hops": 75
  },
  "Node 226816": {
    "Read Requests Served": 7,
    "Write Requests Served": 12,
    "Hops": 69
  },
  "Node 186256": {
    "Read Requests Served": 39,
    "Write Requests Served": 28,
    "Hops": 158
  },
  "Node 190891": {
    "Read Requests Served": 21,
    "Write Requests Served": 30,
    "Hops": 204
  },
  "Node 187994": {
    "Read Requests Served": 15,
    "Write Requests Served": 22,
    "Hops": 238
  },
  "Node 136271": {
    "Read Requests Served": 0,
    "Write Requests Served": 5,
    "Hops": 24
  },
  "Node 26878": {
    "Read Requests Served": 24,
    "Write Requests Served": 23,
    "Hops": 117
  },
  "Node 187137": {
    "Read Requests Served": 36,
    "Write Requests Served": 26,
    "Hops": 83
  },
  "Node 58770": {
    "Read Requests Served": 6,
    "Write Requests Served": 18,
    "Hops": 62
  },
  "Node 234813": {
    "Read Requests Served": 37,
    "Write Requests Served": 37,
    "Hops": 372
  },
  "Node 98295": {
    "Read Requests Served": 0,
    "Write Requests Served": 6,
    "Hops": 31
  },
  "Node 35150": {
    "Read Requests Served": 64,
    "Write Requests Served": 54,
    "Hops": 404
  },
  "Node 161850": {
    "Read Requests Served": 20,
    "Write Requests Served": 20,
    "Hops": 192
  },
  "Node 135973": {
    "Read Requests Served": 2,
    "Write Requests Served": 5,
    "Hops": 41
  },
  "Node 65720": {
    "Read Requests Served": 0,
    "Write Requests Served": 8,
    "Hops": 91
  },
  "Node 58074": {
    "Read Requests Served": 27,
    "Write Requests Served": 28,
    "Hops": 237
  },
  "Node 97585": {
    "Read Requests Served": 1,
    "Write Requests Served": 8,
    "Hops": 89
  },
  "Node 243652": {
    "Read Requests Served": 3,
    "Write Requests Served": 10,
    "Hops": 169
  },
  "Node 2565": {
    "Read Requests Served": 31,
    "Write Requests Served": 33,
    "Hops": 297
  },
  "Node 148133": {
    "Read Requests Served": 35,
    "Write Requests Served": 25,
    "Hops": 159
  },
  "Node 59597": {
    "Read Requests Served": 5,
    "Write Requests Served": 12,
    "Hops": 62
  },
  "Node 151705": {
    "Read Requests Served": 0,
    "Write Requests Served": 4,
    "Hops": 26
  },
  "Node 198490": {
    "Read Requests Served": 0,
    "Write Requests Served": 4,
    "Hops": 21
  },
  "Node 121421": {
    "Read Requests Served": 36,
    "Write Requests Served": 31,
    "Hops": 189
  },
  "Node 139476": {
    "Read Requests Served": 9,
    "Write Requests Served": 11,
    "Hops": 83
  },
  "Node 123237": {
    "Read Requests Served": 4,
    "Write Requests Served": 10,
    "Hops": 135
  },
  "Node 96772": {
    "Read Requests Served": 0,
    "Write Requests Served": 6,
    "Hops": 36
  },
  "Node 3781": {
    "Read Requests Served": 24,
    "Write Requests Served": 25,
    "Hops": 132
  },
  "Node 81824": {
    "Read Requests Served": 94,
    "Write Requests Served": 79,
    "Hops": 406
  },
  "Node 48025": {
    "Read Requests Served": 11,
    "Write Requests Served": 25,
    "Hops": 221
  },
  "Node 221538": {
    "Read Requests Served": 2,
    "Write Requests Served": 4,
    "Hops": 54
  },
  "Node 258724": {
    "Read Requests Served": 10,
    "Write Requests Served": 8,
    "Hops": 95
  },
  "Node 167283": {
    "Read Requests Served": 3,
    "Write Requests Served": 10,
    "Hops": 76
  },
  "Node 133071": {
    "Read Requests Served": 7,
    "Write Requests Served": 8,
    "Hops": 23
  },
  "Node 86695": {
    "Read Requests Served": 2,
    "Write Requests Served": 6,
    "Hops": 85
  },
  "Node 203011": {
    "Read Requests Served": 36,
    "Write Requests Served": 35,
    "Hops": 256
  },
  "Node 152884": {
    "Read Requests Served": 1,
    "Write Requests Served": 7,
    "Hops": 48
  },
  "Node 181916": {
    "Read Requests Served": 18,
    "Write Requests Served": 22,
    "Hops": 71
  },
  "Node 156998": {
    "Read Requests Served": 38,
    "Write Requests Served": 35,
    "Hops": 228
  },
  "Node 183133": {
    "Read Requests Served": 46,
    "Write Requests Served": 38,
    "Hops": 147
  },
  "Node 254815": {
    "Read Requests Served": 2,
    "Write Requests Served": 9,
    "Hops": 44
  },
  "Node 243087": {
    "Read Requests Served": 0,
    "Write Requests Served": 4,
    "Hops": 63
  },
  "Node 221576": {
    "Read Requests Served": 3,
    "Write Requests Served": 3,
    "Hops": 36
  },
  "Node 206598": {
    "Read Requests Served": 6,
    "Write Requests Served": 8,
    "Hops": 58
  },
  "Node 58417": {
    "Read Requests Served": 3,
    "Write Requests Served": 10,
    "Hops": 88
  },
  "Node 164445": {
    "Read Requests Served": 0,
    "Write Requests Served": 7,
    "Hops": 27
  },
  "Node 35398": {
    "Read Requests Served": 10,
    "Write Requests Served": 17,
    "Hops": 78
  },
  "Node 22490": {
    "Read Requests Served": 0,
    "Write Requests Served": 12,
    "Hops": 32
  },
  "Node 66107": {
    "Read Requests Served": 9,
    "Write Requests Served": 10,
    "Hops": 52
  },
  "Node 92790": {
    "Read Requests Served": 6,
    "Write Requests Served": 7,
    "Hops": 26
  },
  "Node 258761": {
    "Read Requests Served": 0,
    "Write Requests Served": 5,
    "Hops": 27
  },
  "Node 53654": {
    "Read Requests Served": 17,
    "Write Requests Served": 16,
    "Hops": 82
  },
  "Node 132113": {
    "Read Requests Served": 6,
    "Write Requests Served": 10,
    "Hops": 94
  },
  "Node 243161": {
    "Read Requests Served": 1,
    "Write Requests Served": 5,
    "Hops": 31
  },
  "Node 258241": {
    "Read Requests Served": 5,
    "Write Requests Served": 9,
    "Hops": 62
  },
  "Node 74292": {
    "Read Requests Served": 7,
    "Write Requests Served": 13,
    "Hops": 108
  },
  "Node 20701": {
    "Read Requests Served": 20,
    "Write Requests Served": 21,
    "Hops": 270
  },
  "Node 217329": {
    "Read Requests Served": 2,
    "Write Requests Served": 6,
    "Hops": 88
  },
  "Node 4029": {
    "Read Requests Served": 9,
    "Write Requests Served": 14,
    "Hops": 112
  },
  "Node 152374": {
    "Read Requests Served": 1,
    "Write Requests Served": 8,
    "Hops": 34
  },
  "Node 96670": {
    "Read Requests Served": 2,
    "Write Requests Served": 11,
    "Hops": 78
  },
  "Node 122480": {
    "Read Requests Served": 2,
    "Write Requests Served": 8,
    "Hops": 39
  },
  "Node 147424": {
    "Read Requests Served": 20,
    "Write Requests Served": 17,
    "Hops": 100
  },
  "Node 133786": {
    "Read Requests Served": 24,
    "Write Requests Served": 18,
    "Hops": 126
  },
  "Node 99346": {
    "Read Requests Served": 34,
    "Write Requests Served": 33,
    "Hops": 133
  },
  "Node 162139": {
    "Read Requests Served": 0,
    "Write Requests Served": 8,
    "Hops": 33
  },
  "Node 49324": {
    "Read Requests Served": 17,
    "Write Requests Served": 21,
    "Hops": 103
  },
  "Node 245268": {
    "Read Requests Served": 13,
    "Write Requests Served": 19,
    "Hops": 95
  },
  "Node 143850": {
    "Read Requests Served": 6,
    "Write Requests Served": 14,
    "Hops": 73
  },
  "Node 93898": {
    "Read Requests Served": 15,
    "Write Requests Served": 16,
    "Hops": 164
  },
  "Node 206454": {
    "Read Requests Served": 3,
    "Write Requests Served": 5,
    "Hops": 46
  },
  "Node 159344": {
    "Read Requests Served": 3,
    "Write Requests Served": 9,
    "Hops": 145
  },
  "Node 41875": {
    "Read Requests Served": 0,
    "Write Requests Served": 7,
    "Hops": 39
  },
  "Node 217713": {
    "Read Requests Served": 4,
    "Write Requests Served": 12,
    "Hops": 108
  },
  "Node 230500": {
    "Read Requests Served": 27,
    "Write Requests Served": 23,
    "Hops": 135
  },
  "Node 216411": {
    "Read Requests Served": 2,
    "Write Requests Served": 6,
    "Hops": 61
  },
  "Node 138467": {
    "Read Requests Served": 1,
    "Write Requests Served": 5,
    "Hops": 24
  },
  "Node 164176": {
    "Read Requests Served": 14,
    "Write Requests Served": 11,
    "Hops": 45
  },
  "Node 122138": {
    "Read Requests Served": 25,
    "Write Requests Served": 19,
    "Hops": 166
  },
  "Node 254628": {
    "Read Requests Served": 0,
    "Write Requests Served": 12,
    "Hops": 22
  },
  "Node 104002": {
    "Read Requests Served": 4,
    "Write Requests Served": 10,
    "Hops": 44
  },
  "Node 252452": {
    "Read Requests Served": 24,
    "Write Requests Served": 26,
    "Hops": 109
  },
  "Node 96305": {
    "Read Requests Served": 11,
    "Write Requests Served": 14,
    "Hops": 48
  },
  "Node 196605": {
    "Read Requests Served": 6,
    "Write Requests Served": 10,
    "Hops": 43
  },
  "Node 115951": {
    "Read Requests Served": 55,
    "Write Requests Served": 50,
    "Hops": 167
  },
  "Node 287": {
    "Read Requests Served": 54,
    "Write Requests Served": 44,
    "Hops": 275
  },
  "Node 177543": {
    "Read Requests Served": 7,
    "Write Requests Served": 12,
    "Hops": 81
  },
  "Node 46273": {
    "Read Requests Served": 12,
    "Write Requests Served": 18,
    "Hops": 140
  },
  "Node 228034": {
    "Read Requests Served": 28,
    "Write Requests Served": 22,
    "Hops": 123
  },
  "Node 108056": {
    "Read Requests Served": 44,
    "Write Requests Served": 37,
    "Hops": 108
  },
  "Node 197396": {
    "Read Requests Served": 24,
    "Write Requests Served": 30,
    "Hops": 163
  },
  "Node 123910": {
    "Read Requests Served": 16,
    "Write Requests Served": 17,
    "Hops": 114
  },
  "Node 77945": {
    "Read Requests Served": 70,
    "Write Requests Served": 63,
    "Hops": 343
  },
  "Node 209748": {
    "Read Requests Served": 33,
    "Write Requests Served": 28,
    "Hops": 180
  },
  "Node 111290": {
    "Read Requests Served": 20,
    "Write Requests Served": 21,
    "Hops": 60
  },
  "Node 47254": {
    "Read Requests Served": 2,
    "Write Requests Served": 10,
    "Hops": 27
  },
  "Node 220342": {
    "Read Requests Served": 3,
    "Write Requests Served": 12,
    "Hops": 42
  },
  "Node 51911": {
    "Read Requests Served": 39,
    "Write Requests Served": 30,
    "Hops": 203
  },
  "Node 73486": {
    "Read Requests Served": 11,
    "Write Requests Served": 13,
    "Hops": 101
  },
  "Node 164441": {
    "Read Requests Served": 13,
    "Write Requests Served": 13,
    "Hops": 100
  },
  "Node 68088": {
    "Read Requests Served": 20,
    "Write Requests Served": 26,
    "Hops": 181
  },
  "Node 610": {
    "Read Requests Served": 10,
    "Write Requests Served": 13,
    "Hops": 95
  },
  "Node 84819": {
    "Read Requests Served": 20,
    "Write Requests Served": 26,
    "Hops": 172
  },
  "Node 138010": {
    "Read Requests Served": 5,
    "Write Requests Served": 9,
    "Hops": 31
  },
  "Node 181172": {
    "Read Requests Served": 13,
    "Write Requests Served": 17,
    "Hops": 48
  },
  "Node 64905": {
    "Read Requests Served": 3,
    "Write Requests Served": 9,
    "Hops": 81
  },
  "Node 200088": {
    "Read Requests Served": 6,
    "Write Requests Served": 12,
    "Hops": 67
  },
  "Node 216208": {
    "Read Requests Served": 6,
    "Write Requests Served": 11,
    "Hops": 83
  },
  "Node 256415": {
    "Read Requests Served": 8,
    "Write Requests Served": 12,
    "Hops": 38
  },
  "Node 218170": {
    "Read Requests Served": 15,
    "Write Requests Served": 17,
    "Hops": 110
  },
  "Node 184160": {
    "Read Requests Served": 0,
    "Write Requests Served": 2,
    "Hops": 22
  },
  "Node 43249": {
    "Read Requests Served": 2,
    "Write Requests Served": 4,
    "Hops": 32
  },
  "Node 257976": {
    "Read Requests Served": 52,
    "Write Requests Served": 46,
    "Hops": 310
  },
  "Node 69057": {
    "Read Requests Served": 0,
    "Write Requests Served": 4,
    "Hops": 33
  },
  "Node 217091": {
    "Read Requests Served": 2,
    "Write Requests Served": 7,
    "Hops": 80
  },
  "Node 108762": {
    "Read Requests Served": 17,
    "Write Requests Served": 18,
    "Hops": 170
  },
  "Node 49968": {
    "Read Requests Served": 26,
    "Write Requests Served": 29,
    "Hops": 107
  },
  "Node 57331": {
    "Read Requests Served": 16,
    "Write Requests Served": 17,
    "Hops": 60
  },
  "Node 75525": {
    "Read Requests Served": 32,
    "Write Requests Served": 31,
    "Hops": 279
  },
  "Node 83607": {
    "Read Requests Served": 17,
    "Write Requests Served": 22,
    "Hops": 67
  },
  "Node 141953": {
    "Read Requests Served": 68,
    "Write Requests Served": 56,
    "Hops": 355
  },
  "Node 244852": {
    "Read Requests Served": 23,
    "Write Requests Served": 26,
    "Hops": 136
  },
  "Node 133016": {
    "Read Requests Served": 9,
    "Write Requests Served": 10,
    "Hops": 138
  },
  "Node 78886": {
    "Read Requests Served": 22,
    "Write Requests Served": 28,
    "Hops": 123
  },
  "Node 135431": {
    "Read Requests Served": 0,
    "Write Requests Served": 6,
    "Hops": 23
  },
  "Node 61407": {
    "Read Requests Served": 14,
    "Write Requests Served": 16,
    "Hops": 117
  },
  "Node 207625": {
    "Read Requests Served": 10,
    "Write Requests Served": 20,
    "Hops": 218
  },
  "Node 162053": {
    "Read Requests Served": 7,
    "Write Requests Served": 12,
    "Hops": 42
  },
  "Node 128686": {
    "Read Requests Served": 16,
    "Write Requests Served": 21,
    "Hops": 225
  },
  "Node 159148": {
    "Read Requests Served": 0,
    "Write Requests Served": 5,
    "Hops": 28
  },
  "Node 67165": {
    "Read Requests Served": 1,
    "Write Requests Served": 8,
    "Hops": 22
  },
  "Node 127999": {
    "Read Requests Served": 37,
    "Write Requests Served": 47,
    "Hops": 270
  },
  "Node 131931": {
    "Read Requests Served": 14,
    "Write Requests Served": 16,
    "Hops": 64
  },
  "Node 224206": {
    "Read Requests Served": 4,
    "Write Requests Served": 7,
    "Hops": 59
  },
  "Node 248193": {
    "Read Requests Served": 37,
    "Write Requests Served": 32,
    "Hops": 127
  },
  "Node 168550": {
    "Read Requests Served": 3,
    "Write Requests Served": 10,
    "Hops": 49
  },
  "Node 219709": {
    "Read Requests Served": 6,
    "Write Requests Served": 13,
    "Hops": 91
  },
  "Node 243957": {
    "Read Requests Served": 7,
    "Write Requests Served": 10,
    "Hops": 95
  },
  "Node 43211": {
    "Read Requests Served": 28,
    "Write Requests Served": 33,
    "Hops": 217
  },
  "Node 250814": {
    "Read Requests Served": 19,
    "Write Requests Served": 16,
    "Hops": 105
  },
  "Node 159263": {
    "Read Requests Served": 1,
    "Write Requests Served": 5,
    "Hops": 133
  },
  "Node 86927": {
    "Read Requests Served": 12,
    "Write Requests Served": 11,
    "Hops": 30
  },
  "Node 69526": {
    "Read Requests Served": 12,
    "Write Requests Served": 13,
    "Hops": 96
  },
  "Node 59476": {
    "Read Requests Served": 23,
    "Write Requests Served": 21,
    "Hops": 176
  },
  "Node 196121": {
    "Read Requests Served": 51,
    "Write Requests Served": 52,
    "Hops": 344
  },
  "Node 135357": {
    "Read Requests Served": 2,
    "Write Requests Served": 5,
    "Hops": 86
  },
  "Node 102448": {
    "Read Requests Served": 32,
    "Write Requests Served": 28,
    "Hops": 192
  },
  "Node 192299": {
    "Read Requests Served": 6,
    "Write Requests Served": 8,
    "Hops": 57
  },
  "Node 145236": {
    "Read Requests Served": 20,
    "Write Requests Served": 26,
    "Hops": 172
  },
  "Node 65746": {
    "Read Requests Served": 0,
    "Write Requests Served": 1,
    "Hops": 29
  },
  "Node 145435": {
    "Read Requests Served": 8,
    "Write Requests Served": 12,
    "Hops": 28
  },
  "Node 243097": {
    "Read Requests Served": 0,
    "Write Requests Served": 6,
    "Hops": 33
  },
  "Node 106122": {
    "Read Requests Served": 43,
    "Write Requests Served": 39,
    "Hops": 221
  },
  "Node 189579": {
    "Read Requests Served": 5,
    "Write Requests Served": 10,
    "Hops": 99
  },
  "Node 165574": {
    "Read Requests Served": 14,
    "Write Requests Served": 19,
    "Hops": 125
  },
  "Node 90224": {
    "Read Requests Served": 33,
    "Write Requests Served": 35,
    "Hops": 344
  },
  "Node 188723": {
    "Read Requests Served": 1,
    "Write Requests Served": 6,
    "Hops": 30
  },
  "Node 102928": {
    "Read Requests Served": 4,
    "Write Requests Served": 10,
    "Hops": 26
  },
  "Node 137945": {
    "Read Requests Served": 23,
    "Write Requests Served": 22,
    "Hops": 212
  },
  "Node 54955": {
    "Read Requests Served": 22,
    "Write Requests Served": 23,
    "Hops": 130
  },
  "Node 94074": {
    "Read Requests Served": 0,
    "Write Requests Served": 4,
    "Hops": 32
  },
  "Node 118859": {
    "Read Requests Served": 8,
    "Write Requests Served": 10,
    "Hops": 58
  },
  "Node 58182": {
    "Read Requests Served": 1,
    "Write Requests Served": 4,
    "Hops": 36
  },
  "Node 97488": {
    "Read Requests Served": 5,
    "Write Requests Served": 7,
    "Hops": 108
  },
  "Node 107087": {
    "Read Requests Served": 30,
    "Write Requests Served": 30,
    "Hops": 180
  },
  "Node 64696": {
    "Read Requests Served": 50,
    "Write Requests Served": 36,
    "Hops": 290
  },
  "Node 228236": {
    "Read Requests Served": 4,
    "Write Requests Served": 10,
    "Hops": 62
  },
  "Node 167204": {
    "Read Requests Served": 0,
    "Write Requests Served": 5,
    "Hops": 33
  },
  "Node 71296": {
    "Read Requests Served": 3,
    "Write Requests Served": 14,
    "Hops": 91
  },
  "Node 134313": {
    "Read Requests Served": 12,
    "Write Requests Served": 14,
    "Hops": 66
  },
  "Node 193592": {
    "Read Requests Served": 35,
    "Write Requests Served": 38,
    "Hops": 163
  },
  "Node 201533": {
    "Read Requests Served": 0,
    "Write Requests Served": 6,
    "Hops": 33
  },
  "Node 260509": {
    "Read Requests Served": 11,
    "Write Requests Served": 12,
    "Hops": 59
  },
  "Node 70148": {
    "Read Requests Served": 18,
    "Write Requests Served": 22,
    "Hops": 120
  },
  "Node 87627": {
    "Read Requests Served": 21,
    "Write Requests Served": 22,
    "Hops": 101
  },
  "Node 205102": {
    "Read Requests Served": 27,
    "Write Requests Served": 35,
    "Hops": 280
  },
  "Node 153075": {
    "Read Requests Served": 8,
    "Write Requests Served": 8,
    "Hops": 65
  },
  "Node 189402": {
    "Read Requests Served": 3,
    "Write Requests Served": 8,
    "Hops": 31
  },
  "Node 161159": {
    "Read Requests Served": 11,
    "Write Requests Served": 11,
    "Hops": 145
  },
  "Node 110039": {
    "Read Requests Served": 34,
    "Write Requests Served": 39,
    "Hops": 194
  },
  "Node 224852": {
    "Read Requests Served": 8,
    "Write Requests Served": 15,
    "Hops": 67
  },
  "Node 208804": {
    "Read Requests Served": 8,
    "Write Requests Served": 13,
    "Hops": 93
  },
  "Node 223962": {
    "Read Requests Served": 12,
    "Write Requests Served": 21,
    "Hops": 167
  },
  "Node 41261": {
    "Read Requests Served": 34,
    "Write Requests Served": 38,
    "Hops": 162
  },
  "Node 44185": {
    "Read Requests Served": 5,
    "Write Requests Served": 16,
    "Hops": 47
  },
  "Node 125779": {
    "Read Requests Served": 32,
    "Write Requests Served": 32,
    "Hops": 242
  },
  "Node 157370": {
    "Read Requests Served": 12,
    "Write Requests Served": 13,
    "Hops": 111
  },
  "Node 61121": {
    "Read Requests Served": 25,
    "Write Requests Served": 39,
    "Hops": 175
  },
  "Node 3076": {
    "Read Requests Served": 15,
    "Write Requests Served": 17,
    "Hops": 42
  },
  "Node 25026": {
    "Read Requests Served": 26,
    "Write Requests Served": 23,
    "Hops": 162
  },
  "Node 181426": {
    "Read Requests Served": 4,
    "Write Requests Served": 12,
    "Hops": 74
  },
  "Node 206091": {
    "Read Requests Served": 10,
    "Write Requests Served": 17,
    "Hops": 81
  },
  "Node 26013": {
    "Read Requests Served": 11,
    "Write Requests Served": 11,
    "Hops": 61
  },
  "Node 244025": {
    "Read Requests Served": 3,
    "Write Requests Served": 9,
    "Hops": 38
  },
  "Node 144676": {
    "Read Requests Served": 35,
    "Write Requests Served": 26,
    "Hops": 160
  },
  "Node 133221": {
    "Read Requests Served": 11,
    "Write Requests Served": 10,
    "Hops": 31
  },
  "Node 232721": {
    "Read Requests Served": 28,
    "Write Requests Served": 27,
    "Hops": 128
  },
  "Node 129613": {
    "Read Requests Served": 10,
    "Write Requests Served": 10,
    "Hops": 70
  },
  "Node 136987": {
    "Read Requests Served": 23,
    "Write Requests Served": 22,
    "Hops": 200
  },
  "Node 62501": {
    "Read Requests Served": 44,
    "Write Requests Served": 38,
    "Hops": 165
  },
  "Node 228853": {
    "Read Requests Served": 16,
    "Write Requests Served": 19,
    "Hops": 144
  },
  "Node 172303": {
    "Read Requests Served": 44,
    "Write Requests Served": 46,
    "Hops": 258
  },
  "Node 226552": {
    "Read Requests Served": 44,
    "Write Requests Served": 44,
    "Hops": 276
  },
  "Node 180884": {
    "Read Requests Served": 3,
    "Write Requests Served": 9,
    "Hops": 107
  },
  "Node 50925": {
    "Read Requests Served": 24,
    "Write Requests Served": 29,
    "Hops": 67
  },
  "Node 315": {
    "Read Requests Served": 0,
    "Write Requests Served": 0,
    "Hops": 25
  },
  "Node 23363": {
    "Read Requests Served": 28,
    "Write Requests Served": 28,
    "Hops": 194
  },
  "Node 149544": {
    "Read Requests Served": 18,
    "Write Requests Served": 21,
    "Hops": 121
  },
  "Node 200993": {
    "Read Requests Served": 5,
    "Write Requests Served": 13,
    "Hops": 112
  },
  "Node 119103": {
    "Read Requests Served": 4,
    "Write Requests Served": 4,
    "Hops": 55
  },
  "Node 178395": {
    "Read Requests Served": 0,
    "Write Requests Served": 3,
    "Hops": 33
  },
  "Node 219110": {
    "Read Requests Served": 20,
    "Write Requests Served": 16,
    "Hops": 145
  },
  "Node 250015": {
    "Read Requests Served": 20,
    "Write Requests Served": 24,
    "Hops": 171
  },
  "Node 212969": {
    "Read Requests Served": 88,
    "Write Requests Served": 55,
    "Hops": 329
  },
  "Node 167189": {
    "Read Requests Served": 56,
    "Write Requests Served": 48,
    "Hops": 200
  },
  "Node 16030": {
    "Read Requests Served": 2,
    "Write Requests Served": 10,
    "Hops": 32
  },
  "Node 87833": {
    "Read Requests Served": 4,
    "Write Requests Served": 7,
    "Hops": 40
  },
  "Node 53145": {
    "Read Requests Served": 12,
    "Write Requests Served": 15,
    "Hops": 167
  },
  "Node 25801": {
    "Read Requests Served": 20,
    "Write Requests Served": 21,
    "Hops": 200
  },
  "Node 215701": {
    "Read Requests Served": 0,
    "Write Requests Served": 12,
    "Hops": 37
  },
  "Node 20006": {
    "Read Requests Served": 29,
    "Write Requests Served": 24,
    "Hops": 324
  },
  "Node 180727": {
    "Read Requests Served": 10,
    "Write Requests Served": 13,
    "Hops": 92
  },
  "Node 155219": {
    "Read Requests Served": 6,
    "Write Requests Served": 10,
    "Hops": 123
  },
  "Node 113325": {
    "Read Requests Served": 85,
    "Write Requests Served": 69,
    "Hops": 296
  },
  "Node 94236": {
    "Read Requests Served": 3,
    "Write Requests Served": 7,
    "Hops": 34
  },
  "Node 220402": {
    "Read Requests Served": 0,
    "Write Requests Served": 6,
    "Hops": 109
  },
  "Node 142625": {
    "Read Requests Served": 22,
    "Write Requests Served": 21,
    "Hops": 111
  },
  "Node 71779": {
    "Read Requests Served": 14,
    "Write Requests Served": 17,
    "Hops": 149
  },
  "Node 65251": {
    "Read Requests Served": 5,
    "Write Requests Served": 10,
    "Hops": 69
  },
  "Node 148868": {
    "Read Requests Served": 20,
    "Write Requests Served": 20,
    "Hops": 91
  },
  "Node 59727": {
    "Read Requests Served": 7,
    "Write Requests Served": 11,
    "Hops": 54
  },
  "Node 46761": {
    "Read Requests Served": 12,
    "Write Requests Served": 15,
    "Hops": 95
  },
  "Node 14893": {
    "Read Requests Served": 63,
    "Write Requests Served": 62,
    "Hops": 208
  },
  "Node 251855": {
    "Read Requests Served": 6,
    "Write Requests Served": 9,
    "Hops": 62
  },
  "Node 173110": {
    "Read Requests Served": 0,
    "Write Requests Served": 6,
    "Hops": 25
  },
  "Node 219522": {
    "Read Requests Served": 11,
    "Write Requests Served": 10,
    "Hops": 66
  },
  "Node 199498": {
    "Read Requests Served": 10,
    "Write Requests Served": 15,
    "Hops": 76
  },
  "Node 29746": {
    "Read Requests Served": 20,
    "Write Requests Served": 22,
    "Hops": 36
  },
  "Node 226715": {
    "Read Requests Served": 2,
    "Write Requests Served": 6,
    "Hops": 77
  },
  "Node 172895": {
    "Read Requests Served": 11,
    "Write Requests Served": 15,
    "Hops": 188
  },
  "Node 40146": {
    "Read Requests Served": 21,
    "Write Requests Served": 20,
    "Hops": 137
  },
  "Node 213556": {
    "Read Requests Served": 6,
    "Write Requests Served": 16,
    "Hops": 63
  },
  "Node 74104": {
    "Read Requests Served": 17,
    "Write Requests Served": 15,
    "Hops": 132
  },
  "Node 205325": {
    "Read Requests Served": 0,
    "Write Requests Served": 10,
    "Hops": 35
  },
  "Node 190018": {
    "Read Requests Served": 11,
    "Write Requests Served": 14,
    "Hops": 75
  },
  "Node 69693": {
    "Read Requests Served": 5,
    "Write Requests Served": 9,
    "Hops": 89
  },
  "Node 95200": {
    "Read Requests Served": 36,
    "Write Requests Served": 39,
    "Hops": 137
  },
  "Node 228409": {
    "Read Requests Served": 0,
    "Write Requests Served": 7,
    "Hops": 40
  },
  "Node 83212": {
    "Read Requests Served": 47,
    "Write Requests Served": 46,
    "Hops": 158
  },
  "Node 222965": {
    "Read Requests Served": 5,
    "Write Requests Served": 12,
    "Hops": 99
  },
  "Node 74347": {
    "Read Requests Served": 2,
    "Write Requests Served": 11,
    "Hops": 22
  },
  "Node 162097": {
    "Read Requests Served": 1,
    "Write Requests Served": 6,
    "Hops": 38
  },
  "Node 221157": {
    "Read Requests Served": 9,
    "Write Requests Served": 16,
    "Hops": 164
  },
  "Node 102693": {
    "Read Requests Served": 6,
    "Write Requests Served": 7,
    "Hops": 66
  },
  "Node 128049": {
    "Read Requests Served": 3,
    "Write Requests Served": 9,
    "Hops": 47
  },
  "Node 208880": {
    "Read Requests Served": 5,
    "Write Requests Served": 9,
    "Hops": 26
  },
  "Node 215631": {
    "Read Requests Served": 3,
    "Write Requests Served": 12,
    "Hops": 54
  },
  "Node 22320": {
    "Read Requests Served": 61,
    "Write Requests Served": 51,
    "Hops": 222
  },
  "Node 31700": {
    "Read Requests Served": 33,
    "Write Requests Served": 32,
    "Hops": 265
  },
  "Node 210701": {
    "Read Requests Served": 30,
    "Write Requests Served": 22,
    "Hops": 105
  },
  "Node 203937": {
    "Read Requests Served": 28,
    "Write Requests Served": 32,
    "Hops": 124
  },
  "Node 84153": {
    "Read Requests Served": 18,
    "Write Requests Served": 24,
    "Hops": 130
  },
  "Node 17038": {
    "Read Requests Served": 10,
    "Write Requests Served": 14,
    "Hops": 177
  },
  "Node 18822": {
    "Read Requests Served": 23,
    "Write Requests Served": 17,
    "Hops": 42
  },
  "Node 176669": {
    "Read Requests Served": 72,
    "Write Requests Served": 69,
    "Hops": 290
  },
  "Node 224585": {
    "Read Requests Served": 6,
    "Write Requests Served": 9,
    "Hops": 144
  },
  "Node 73357": {
    "Read Requests Served": 20,
    "Write Requests Served": 13,
    "Hops": 214
  },
  "Node 4114": {
    "Read Requests Served": 1,
    "Write Requests Served": 7,
    "Hops": 71
  },
  "Node 124449": {
    "Read Requests Served": 15,
    "Write Requests Served": 23,
    "Hops": 137
  },
  "Node 223358": {
    "Read Requests Served": 24,
    "Write Requests Served": 23,
    "Hops": 57
  },
  "Node 20712": {
    "Read Requests Served": 2,
    "Write Requests Served": 9,
    "Hops": 30
  },
  "Node 256242": {
    "Read Requests Served": 4,
    "Write Requests Served": 9,
    "Hops": 31
  },
  "Node 101629": {
    "Read Requests Served": 37,
    "Write Requests Served": 33,
    "Hops": 249
  },
  "Node 118686": {
    "Read Requests Served": 82,
    "Write Requests Served": 66,
    "Hops": 413
  },
  "Node 147007": {
    "Read Requests Served": 49,
    "Write Requests Served": 48,
    "Hops": 272
  },
  "Node 32425": {
    "Read Requests Served": 14,
    "Write Requests Served": 22,
    "Hops": 56
  },
  "Node 30676": {
    "Read Requests Served": 21,
    "Write Requests Served": 22,
    "Hops": 194
  },
  "Node 58546": {
    "Read Requests Served": 3,
    "Write Requests Served": 8,
    "Hops": 33
  },
  "Node 86622": {
    "Read Requests Served": 24,
    "Write Requests Served": 28,
    "Hops": 222
  },
  "Node 92606": {
    "Read Requests Served": 18,
    "Write Requests Served": 16,
    "Hops": 112
  },
  "Node 18195": {
    "Read Requests Served": 15,
    "Write Requests Served": 17,
    "Hops": 82
  },
  "Node 178335": {
    "Read Requests Served": 10,
    "Write Requests Served": 13,
    "Hops": 118
  },
  "Node 154884": {
    "Read Requests Served": 2,
    "Write Requests Served": 6,
    "Hops": 27
  },
  "Node 168516": {
    "Read Requests Served": 21,
    "Write Requests Served": 19,
    "Hops": 150
  },
  "Node 253643": {
    "Read Requests Served": 42,
    "Write Requests Served": 38,
    "Hops": 145
  },
  "Node 43456": {
    "Read Requests Served": 8,
    "Write Requests Served": 10,
    "Hops": 130
  },
  "Node 198570": {
    "Read Requests Served": 0,
    "Write Requests Served": 8,
    "Hops": 37
  },
  "Node 167336": {
    "Read Requests Served": 2,
    "Write Requests Served": 9,
    "Hops": 92
  },
  "Node 10808": {
    "Read Requests Served": 56,
    "Write Requests Served": 40,
    "Hops": 209
  },
  "Node 135380": {
    "Read Requests Served": 0,
    "Write Requests Served": 9,
    "Hops": 28
  },
  "Node 177284": {
    "Read Requests Served": 24,
    "Write Requests Served": 24,
    "Hops": 156
  },
  "Node 90423": {
    "Read Requests Served": 0,
    "Write Requests Served": 5,
    "Hops": 41
  },
  "Node 48523": {
    "Read Requests Served": 1,
    "Write Requests Served": 6,
    "Hops": 31
  },
  "Node 199862": {
    "Read Requests Served": 6,
    "Write Requests Served": 16,
    "Hops": 95
  },
  "Node 150846": {
    "Read Requests Served": 32,
    "Write Requests Served": 27,
    "Hops": 262
  },
  "Node 139015": {
    "Read Requests Served": 18,
    "Write Requests Served": 23,
    "Hops": 145
  },
  "Node 126066": {
    "Read Requests Served": 9,
    "Write Requests Served": 12,
    "Hops": 107
  },
  "Node 62775": {
    "Read Requests Served": 0,
    "Write Requests Served": 5,
    "Hops": 58
  },
  "Node 17787": {
    "Read Requests Served": 21,
    "Write Requests Served": 24,
    "Hops": 139
  },
  "Node 75688": {
    "Read Requests Served": 5,
    "Write Requests Served": 13,
    "Hops": 37
  },
  "Node 7726": {
    "Read Requests Served": 6,
    "Write Requests Served": 9,
    "Hops": 22
  },
  "Node 129329": {
    "Read Requests Served": 0,
    "Write Requests Served": 4,
    "Hops": 26
  },
  "Node 29151": {
    "Read Requests Served": 62,
    "Write Requests Served": 63,
    "Hops": 314
  },
  "Node 120361": {
    "Read Requests Served": 10,
    "Write Requests Served": 13,
    "Hops": 50
  },
  "Node 36555": {
    "Read Requests Served": 27,
    "Write Requests Served": 35,
    "Hops": 123
  },
  "Node 201419": {
    "Read Requests Served": 9,
    "Write Requests Served": 18,
    "Hops": 106
  }
}