{
  "User U1": {
    "Read Requests": 93,
    "Write Requests": 30
  },
  "User U2": {
    "Read Requests": 78,
    "Write Requests": 31
  },
  "User U3": {
    "Read Requests": 82,
    "Write Requests": 25
  },
  "User U4": {
    "Read Requests": 76,
    "Write Requests": 14
  },
  "User U5": {
    "Read Requests": 94,
    "Write Requests": 21
  },
  "User U6": {
    "Read Requests": 73,
    "Write Requests": 35
  },
  "User U7": {
    "Read Requests": 85,
    "Write Requests": 24
  },
  "User U8": {
    "Read Requests": 69,
    "Write Requests": 28
  },
  "User U9": {
    "Read Requests": 93,
    "Write Requests": 34
  },
  "User U10": {
    "Read Requests": 70,
    "Write Requests": 24
  },
  "User U11": {
    "Read Requests": 99,
    "Write Requests": 33
  },
  "User U12": {
    "Read Requests": 73,
    "Write Requests": 29
  },
  "User U13": {
    "Read Requests": 77,
    "Write Requests": 34
  },
  "User U14": {
    "Read Requests": 84,
    "Write Requests": 21
  },
  "User U15": {
    "Read Requests": 80,
    "Write Requests": 24
  },
  "User U16": {
    "Read Requests": 80,
    "Write Requests": 31
  },
  "User U17": {
    "Read Requests": 71,
    "Write Requests": 23
  },
  "User U18": {
    "Read Requests": 71,
    "Write Requests": 20
  },
  "User U19": {
    "Read Requests": 84,
    "Write Requests": 26
  },
  "User U20": {
    "Read Requests": 68,
    "Write Requests": 25
  },
  "User U21": {
    "Read Requests": 85,
    "Write Requests": 18
  },
  "User U22": {
    "Read Requests": 79,
    "Write Requests": 21
  },
  "User U23": {
    "Read Requests": 82,
    "Write Requests": 23
  },
  "User U24": {
    "Read Requests": 75,
    "Write Requests": 25
  },
  "User U25": {
    "Read Requests": 80,
    "Write Requests": 29
  },
  "User U26": {
    "Read Requests": 60,
    "Write Requests": 24
  },
  "User U27": {
    "Read Requests": 85,
    "Write Requests": 32
  },
  "User U28": {
    "Read Requests": 80,
    "Write Requests": 34
  },
  "User U29": {
    "Read Requests": 67,
    "Write Requests": 25
  },
  "User U30": {
    "Read Requests": 77,
    "Write Requests": 28
  },
  "User U31": {
    "Read Requests": 77,
    "Write Requests": 26
  },
  "User U32": {
    "Read Requests": 74,
    "Write Requests": 40
  },
  "User U33": {
    "Read Requests": 99,
    "Write Requests": 16
  },
  "User U34": {
    "Read Requests": 73,
    "Write Requests": 26
  },
  "User U35": {
    "Read Requests": 71,
    "Write Requests": 35
  },
  "User U36": {
    "Read Requests": 74,
    "Write Requests": 21
  },
  "User U37": {
    "Read Requests": 72,
    "Write Requests": 28
  },
  "User U38": {
    "Read Requests": 78,
    "Write Requests": 21
  },
  "User U39": {
    "Read Requests": 79,
    "Write Requests": 22
  },
  "User U40": {
    "Read Requests": 70,
    "Write Requests": 29
  },
  "User U41": {
    "Read Requests": 74,
    "Write Requests": 32
  },
  "User U42": {
    "Read Requests": 80,
    "Write Requests": 20
  },
  "User U43": {
    "Read Requests": 69,
    "Write Requests": 25
  },
  "User U44": {
    "Read Requests": 81,
    "Write Requests": 17
  },
  "User U45": {
    "Read Requests": 76,
    "Write Requests": 28
  },
  "User U46": {
    "Read Requests": 83,
    "Write Requests": 23
  },
  "User U47": {
    "Read Requests": 100,
    "Write Requests": 27
  },
  "User U48": {
    "Read Requests": 78,
    "Write Requests": 29
  },
  "User U49": {
    "Read Requests": 89,
    "Write Requests": 28
  },
  "User U50": {
    "Read Requests": 91,
    "Write Requests": 23
  },
  "User U51": {
    "Read Requests": 68,
    "Write Requests": 26
  },
  "User U52": {
    "Read Requests": 81,
    "Write Requests": 30
  },
  "User U53": {
    "Read Requests": 88,
    "Write Requests": 19
  },
  "User U54": {
    "Read Requests": 83,
    "Write Requests": 33
  },
  "User U55": {
    "Read Requests": 66,
    "Write Requests": 22
  },
  "User U56": {
    "Read Requests": 72,
    "Write Requests": 26
  },
  "User U57": {
    "Read Requests": 78,
    "Write Requests": 27
  },
  "User U58": {
    "Read Requests": 69,
    "Write Requests": 23
  },
  "User U59": {
    "Read Requests": 92,
    "Write Requests": 23
  },
  "User U60": {
    "Read Requests": 79,
    "Write Requests": 20
  },
  "User U61": {
    "Read Requests": 68,
    "Write Requests": 22
  },
  "User U62": {
    "Read Requests": 71,
    "Write Requests": 28
  },
  "User U63": {
    "Read Requests": 78,
    "Write Requests": 23
  },
  "User U64": {
    "Read Requests": 72,
    "Write Requests": 34
  },
  "User U65": {
    "Read Requests": 82,
    "Write Requests": 32
  },
  "User U66": {
    "Read Requests": 73,
    "Write Requests": 30
  },
  "User U67": {
    "Read Requests": 90,
    "Write Requests": 22
  },
  "User U68": {
    "Read Requests": 72,
    "Write Requests": 34
  },
  "User U69": {
    "Read Requests": 76,
    "Write Requests": 21
  },
  "User U70": {
    "Read Requests": 71,
    "Write Requests": 39
  },
  "User U71": {
    "Read Requests": 87,
    "Write Requests": 32
  },
  "User U72": {
    "Read Requests": 77,
    "Write Requests": 25
  },
  "User U73": {
    "Read Requests": 64,
    "Write Requests": 28
  },
  "User U74": {
    "Read Requests": 95,
    "Write Requests": 35
  },
  "User U75": {
    "Read Requests": 71,
    "Write Requests": 20
  },
  "User U76": {
    "Read Requests": 84,
    "Write Requests": 25
  },
  "User U77": {
    "Read Requests": 77,
    "Write Requests": 24
  },
  "User U78": {
    "Read Requests": 86,
    "Write Requests": 26
  },
  "User U79": {
    "Read Requests": 84,
    "Write Requests": 25
  },
  "User U80": {
    "Read Requests": 83,
    "Write Requests": 31
  },
  "User U81": {
    "Read Requests": 87,
    "Write Requests": 27
  },
  "User U82": {
    "Read Requests": 72,
    "Write Requests": 31
  },
  "User U83": {
    "Read Requests": 72,
    "Write Requests": 24
  },
  "User U84": {
    "Read Requests": 89,
    "Write Requests": 22
  },
  "User U85": {
    "Read Requests": 74,
    "Write Requests": 33
  },
  "User U86": {
    "Read Requests": 62,
    "Write Requests": 18
  },
  "User U87": {
    "Read Requests": 68,
    "Write Requests": 29
  },
  "User U88": {
    "Read Requests": 85,
    "Write Requests": 29
  },
  "User U89": {
    "Read Requests": 76,
    "Write Requests": 27
  },
  "User U90": {
    "Read Requests": 82,
    "Write Requests": 28
  },
  "User U91": {
    "Read Requests": 77,
    "Write Requests": 23
  },
  "User U92": {
    "Read Requests": 78,
    "Write Requests": 25
  },
  "User U93": {
    "Read Requests": 70,
    "Write Requests": 34
  },
  "User U94": {
    "Read Requests": 80,
    "Write Requests": 27
  },
  "User U95": {
    "Read Requests": 85,
    "Write Requests": 29
  },
  "User U96": {
    "Read Requests": 77,
    "Write Requests": 27
  },
  "User U97": {
    "Read Requests": 102,
    "Write Requests": 28
  },
  "User U98": {
    "Read Requests": 80,
    "Write Requests": 27
  },
  "User U99": {
    "Read Requests": 93,
    "Write Requests": 22
  },
  "User U100": {
    "Read Requests": 80,
    "Write Requests": 24
  }
}