{
  "Node 1473697": {
    "Read Requests Served": 0,
    "Write Requests Served": 10,
    "Hops": 139
  },
  "Node 221420": {
    "Read Requests Served": 37,
    "Write Requests Served": 19,
    "Hops": 199
  },
  "Node 255856": {
    "Read Requests Served": 0,
    "Write Requests Served": 12,
    "Hops": 36
  },
  "Node 3313645": {
    "Read Requests Served": 22,
    "Write Requests Served": 23,
    "Hops": 334
  },
  "Node 3693573": {
    "Read Requests Served": 15,
    "Write Requests Served": 21,
    "Hops": 410
  },
  "Node 1192039": {
    "Read Requests Served": 29,
    "Write Requests Served": 19,
    "Hops": 187
  },
  "Node 909849": {
    "Read Requests Served": 5,
    "Write Requests Served": 12,
    "Hops": 245
  },
  "Node 329559": {
    "Read Requests Served": 8,
    "Write Requests Served": 12,
    "Hops": 140
  },
  "Node 2076389": {
    "Read Requests Served": 84,
    "Write Requests Served": 30,
    "Hops": 474
  },
  "Node 2745361": {
    "Read Requests Served": 0,
    "Write Requests Served": 6,
    "Hops": 196
  },
  "Node 994940": {
    "Read Requests Served": 21,
    "Write Requests Served": 24,
    "Hops": 137
  },
  "Node 4030159": {
    "Read Requests Served": 0,
    "Write Requests Served": 6,
    "Hops": 215
  },
  "Node 937343": {
    "Read Requests Served": 22,
    "Write Requests Served": 19,
    "Hops": 238
  },
  "Node 529264": {
    "Read Requests Served": 0,
    "Write Requests Served": 10,
    "Hops": 73
  },
  "Node 3470516": {
    "Read Requests Served": 24,
    "Write Requests Served": 15,
    "Hops": 212
  },
  "Node 3560145": {
    "Read Requests Served": 49,
    "Write Requests Served": 28,
    "Hops": 387
  },
  "Node 912663": {
    "Read Requests Served": 3,
    "Write Requests Served": 12,
    "Hops": 67
  },
  "Node 1887716": {
    "Read Requests Served": 119,
    "Write Requests Served": 40,
    "Hops": 423
  },
  "Node 2036526": {
    "Read Requests Served": 59,
    "Write Requests Served": 23,
    "Hops": 408
  },
  "Node 1494833": {
    "Read Requests Served": 6,
    "Write Requests Served": 6,
    "Hops": 126
  },
  "Node 3828039": {
    "Read Requests Served": 48,
    "Write Requests Served": 22,
    "Hops": 483
  },
  "Node 94091": {
    "Read Requests Served": 61,
    "Write Requests Served": 28,
    "Hops": 309
  },
  "Node 1994119": {
    "Read Requests Served": 11,
    "Write Requests Served": 13,
    "Hops": 81
  },
  "Node 3105062": {
    "Read Requests Served": 14,
    "Write Requests Served": 23,
    "Hops": 189
  },
  "Node 52449": {
    "Read Requests Served": 33,
    "Write Requests Served": 22,
    "Hops": 345
  },
  "Node 1256432": {
    "Read Requests Served": 78,
    "Write Requests Served": 30,
    "Hops": 180
  },
  "Node 62814": {
    "Read Requests Served": 5,
    "Write Requests Served": 10,
    "Hops": 226
  },
  "Node 4120870": {
    "Read Requests Served": 58,
    "Write Requests Served": 26,
    "Hops": 398
  },
  "Node 679125": {
    "Read Requests Served": 4,
    "Write Requests Served": 10,
    "Hops": 224
  },
  "Node 3019338": {
    "Read Requests Served": 14,
    "Write Requests Served": 16,
    "Hops": 287
  },
  "Node 1240231": {
    "Read Requests Served": 73,
    "Write Requests Served": 24,
    "Hops": 283
  },
  "Node 3869136": {
    "Read Requests Served": 74,
    "Write Requests Served": 29,
    "Hops": 246
  },
  "Node 1462417": {
    "Read Requests Served": 29,
    "Write Requests Served": 19,
    "Hops": 287
  },
  "Node 2109649": {
    "Read Requests Served": 55,
    "Write Requests Served": 26,
    "Hops": 289
  },
  "Node 1325916": {
    "Read Requests Served": 0,
    "Write Requests Served": 14,
    "Hops": 49
  },
  "Node 513910": {
    "Read Requests Served": 45,
    "Write Requests Served": 24,
    "Hops": 318
  },
  "Node 3123758": {
    "Read Requests Served": 36,
    "Write Requests Served": 23,
    "Hops": 259
  },
  "Node 309330": {
    "Read Requests Served": 43,
    "Write Requests Served": 21,
    "Hops": 144
  },
  "Node 2598486": {
    "Read Requests Served": 18,
    "Write Requests Served": 18,
    "Hops": 126
  },
  "Node 4163107": {
    "Read Requests Served": 58,
    "Write Requests Served": 26,
    "Hops": 381
  },
  "Node 3464909": {
    "Read Requests Served": 58,
    "Write Requests Served": 21,
    "Hops": 298
  },
  "Node 3087581": {
    "Read Requests Served": 9,
    "Write Requests Served": 15,
    "Hops": 302
  },
  "Node 1595645": {
    "Read Requests Served": 124,
    "Write Requests Served": 46,
    "Hops": 757
  },
  "Node 1565275": {
    "Read Requests Served": 48,
    "Write Requests Served": 23,
    "Hops": 352
  },
  "Node 2715510": {
    "Read Requests Served": 23,
    "Write Requests Served": 12,
    "Hops": 213
  },
  "Node 1443298": {
    "Read Requests Served": 46,
    "Write Requests Served": 19,
    "Hops": 520
  },
  "Node 4030388": {
    "Read Requests Served": 2,
    "Write Requests Served": 14,
    "Hops": 69
  },
  "Node 1515918": {
    "Read Requests Served": 13,
    "Write Requests Served": 12,
    "Hops": 155
  },
  "Node 1518893": {
    "Read Requests Served": 19,
    "Write Requests Served": 13,
    "Hops": 145
  },
  "Node 3503748": {
    "Read Requests Served": 102,
    "Write Requests Served": 36,
    "Hops": 447
  },
  "Node 1162638": {
    "Read Requests Served": 23,
    "Write Requests Served": 20,
    "Hops": 322
  },
  "Node 2899936": {
    "Read Requests Served": 0,
    "Write Requests Served": 13,
    "Hops": 59
  },
  "Node 3909204": {
    "Read Requests Served": 90,
    "Write Requests Served": 32,
    "Hops": 409
  },
  "Node 44820": {
    "Read Requests Served": 0,
    "Write Requests Served": 5,
    "Hops": 127
  },
  "Node 2366814": {
    "Read Requests Served": 7,
    "Write Requests Served": 13,
    "Hops": 177
  },
  "Node 2428352": {
    "Read Requests Served": 2,
    "Write Requests Served": 10,
    "Hops": 182
  },
  "Node 1969002": {
    "Read Requests Served": 38,
    "Write Requests Served": 15,
    "Hops": 443
  },
  "Node 1247011": {
    "Read Requests Served": 36,
    "Write Requests Served": 27,
    "Hops": 390
  },
  "Node 1641539": {
    "Read Requests Served": 0,
    "Write Requests Served": 5,
    "Hops": 45
  },
  "Node 3230661": {
    "Read Requests Served": 87,
    "Write Requests Served": 29,
    "Hops": 276
  },
  "Node 3378943": {
    "Read Requests Served": 8,
    "Write Requests Served": 13,
    "Hops": 166
  },
  "Node 3479843": {
    "Read Requests Served": 12,
    "Write Requests Served": 15,
    "Hops": 261
  },
  "Node 3595996": {
    "Read Requests Served": 17,
    "Write Requests Served": 15,
    "Hops": 153
  },
  "Node 1836464": {
    "Read Requests Served": 0,
    "Write Requests Served": 6,
    "Hops": 208
  },
  "Node 2353322": {
    "Read Requests Served": 54,
    "Write Requests Served": 25,
    "Hops": 400
  },
  "Node 249323": {
    "Read Requests Served": 22,
    "Write Requests Served": 18,
    "Hops": 83
  },
  "Node 942374": {
    "Read Requests Served": 5,
    "Write Requests Served": 19,
    "Hops": 44
  },
  "Node 2217207": {
    "Read Requests Served": 93,
    "Write Requests Served": 40,
    "Hops": 716
  },
  "Node 1264043": {
    "Read Requests Served": 38,
    "Write Requests Served": 25,
    "Hops": 314
  },
  "Node 2512647": {
    "Read Requests Served": 13,
    "Write Requests Served": 8,
    "Hops": 128
  },
  "Node 1056282": {
    "Read Requests Served": 79,
    "Write Requests Served": 38,
    "Hops": 318
  },
  "Node 3022004": {
    "Read Requests Served": 7,
    "Write Requests Served": 19,
    "Hops": 240
  },
  "Node 4164235": {
    "Read Requests Served": 0,
    "Write Requests Served": 15,
    "Hops": 102
  },
  "Node 3280916": {
    "Read Requests Served": 54,
    "Write Requests Served": 24,
    "Hops": 273
  },
  "Node 3216647": {
    "Read Requests Served": 106,
    "Write Requests Served": 45,
    "Hops": 561
  },
  "Node 2927987": {
    "Read Requests Served": 32,
    "Write Requests Served": 20,
    "Hops": 373
  },
  "Node 1433056": {
    "Read Requests Served": 31,
    "Write Requests Served": 22,
    "Hops": 201
  },
  "Node 213221": {
    "Read Requests Served": 72,
    "Write Requests Served": 35,
    "Hops": 525
  },
  "Node 284553": {
    "Read Requests Served": 10,
    "Write Requests Served": 20,
    "Hops": 114
  },
  "Node 1320046": {
    "Read Requests Served": 38,
    "Write Requests Served": 23,
    "Hops": 197
  },
  "Node 725005": {
    "Read Requests Served": 31,
    "Write Requests Served": 23,
    "Hops": 151
  },
  "Node 3106048": {
    "Read Requests Served": 12,
    "Write Requests Served": 17,
    "Hops": 56
  },
  "Node 2112350": {
    "Read Requests Served": 2,
    "Write Requests Served": 15,
    "Hops": 65
  },
  "Node 941876": {
    "Read Requests Served": 39,
    "Write Requests Served": 20,
    "Hops": 277
  },
  "Node 1837722": {
    "Read Requests Served": 2,
    "Write Requests Served": 8,
    "Hops": 60
  },
  "Node 2300235": {
    "Read Requests Served": 14,
    "Write Requests Served": 18,
    "Hops": 282
  },
  "Node 39268": {
    "Read Requests Served": 36,
    "Write Requests Served": 19,
    "Hops": 117
  },
  "Node 3250527": {
    "Read Requests Served": 68,
    "Write Requests Served": 30,
    "Hops": 315
  },
  "Node 3476014": {
    "Read Requests Served": 16,
    "Write Requests Served": 14,
    "Hops": 111
  },
  "Node 2595184": {
    "Read Requests Served": 37,
    "Write Requests Served": 24,
    "Hops": 197
  },
  "Node 3897153": {
    "Read Requests Served": 18,
    "Write Requests Served": 18,
    "Hops": 177
  },
  "Node 2589900": {
    "Read Requests Served": 73,
    "Write Requests Served": 29,
    "Hops": 560
  },
  "Node 1695807": {
    "Read Requests Served": 52,
    "Write Requests Served": 26,
    "Hops": 387
  },
  "Node 3298581": {
    "Read Requests Served": 13,
    "Write Requests Served": 18,
    "Hops": 61
  },
  "Node 556400": {
    "Read Requests Served": 35,
    "Write Requests Served": 19,
    "Hops": 279
  },
  "Node 2810737": {
    "Read Requests Served": 129,
    "Write Requests Served": 42,
    "Hops": 582
  },
  "Node 3169768": {
    "Read Requests Served": 88,
    "Write Requests Served": 33,
    "Hops": 363
  },
  "Node 3351996": {
    "Read Requests Served": 0,
    "Write Requests Served": 6,
    "Hops": 51
  },
  "Node 1447752": {
    "Read Requests Served": 40,
    "Write Requests Served": 15,
    "Hops": 230
  },
  "Node 2863399": {
    "Read Requests Served": 13,
    "Write Requests Served": 14,
    "Hops": 178
  },
  "Node 2014709": {
    "Read Requests Served": 51,
    "Write Requests Served": 22,
    "Hops": 115
  },
  "Node 3543059": {
    "Read Requests Served": 3,
    "Write Requests Served": 12,
    "Hops": 46
  },
  "Node 1648683": {
    "Read Requests Served": 59,
    "Write Requests Served": 29,
    "Hops": 153
  },
  "Node 160742": {
    "Read Requests Served": 244,
    "Write Requests Served": 71,
    "Hops": 596
  },
  "Node 1628616": {
    "Read Requests Served": 29,
    "Write Requests Served": 16,
    "Hops": 278
  },
  "Node 2864501": {
    "Read Requests Served": 22,
    "Write Requests Served": 13,
    "Hops": 73
  },
  "Node 2270206": {
    "Read Requests Served": 35,
    "Write Requests Served": 20,
    "Hops": 198
  },
  "Node 362190": {
    "Read Requests Served": 0,
    "Write Requests Served": 14,
    "Hops": 153
  },
  "Node 2422613": {
    "Read Requests Served": 50,
    "Write Requests Served": 24,
    "Hops": 204
  },
  "Node 1333340": {
    "Read Requests Served": 28,
    "Write Requests Served": 18,
    "Hops": 155
  },
  "Node 859075": {
    "Read Requests Served": 52,
    "Write Requests Served": 28,
    "Hops": 326
  },
  "Node 1764974": {
    "Read Requests Served": 8,
    "Write Requests Served": 12,
    "Hops": 77
  },
  "Node 1725961": {
    "Read Requests Served": 6,
    "Write Requests Served": 16,
    "Hops": 276
  },
  "Node 491991": {
    "Read Requests Served": 9,
    "Write Requests Served": 20,
    "Hops": 194
  },
  "Node 2448291": {
    "Read Requests Served": 76,
    "Write Requests Served": 31,
    "Hops": 158
  },
  "Node 3757713": {
    "Read Requests Served": 79,
    "Write Requests Served": 27,
    "Hops": 266
  },
  "Node 540225": {
    "Read Requests Served": 14,
    "Write Requests Served": 15,
    "Hops": 117
  },
  "Node 3533732": {
    "Read Requests Served": 124,
    "Write Requests Served": 47,
    "Hops": 719
  },
  "Node 3351546": {
    "Read Requests Served": 53,
    "Write Requests Served": 27,
    "Hops": 427
  },
  "Node 3391966": {
    "Read Requests Served": 58,
    "Write Requests Served": 27,
    "Hops": 230
  },
  "Node 180339": {
    "Read Requests Served": 116,
    "Write Requests Served": 41,
    "Hops": 396
  },
  "Node 860080": {
    "Read Requests Served": 7,
    "Write Requests Served": 14,
    "Hops": 54
  },
  "Node 1639868": {
    "Read Requests Served": 23,
    "Write Requests Served": 9,
    "Hops": 179
  },
  "Node 2725016": {
    "Read Requests Served": 41,
    "Write Requests Served": 27,
    "Hops": 256
  },
  "Node 3735683": {
    "Read Requests Served": 6,
    "Write Requests Served": 10,
    "Hops": 136
  },
  "Node 1670127": {
    "Read Requests Served": 21,
    "Write Requests Served": 16,
    "Hops": 85
  },
  "Node 692412": {
    "Read Requests Served": 41,
    "Write Requests Served": 26,
    "Hops": 120
  },
  "Node 1540168": {
    "Read Requests Served": 89,
    "Write Requests Served": 40,
    "Hops": 435
  },
  "Node 3100540": {
    "Read Requests Served": 11,
    "Write Requests Served": 18,
    "Hops": 163
  },
  "Node 2232724": {
    "Read Requests Served": 15,
    "Write Requests Served": 14,
    "Hops": 186
  },
  "Node 3576584": {
    "Read Requests Served": 16,
    "Write Requests Served": 16,
    "Hops": 189
  },
  "Node 4061391": {
    "Read Requests Served": 73,
    "Write Requests Served": 29,
    "Hops": 337
  },
  "Node 1666202": {
    "Read Requests Served": 45,
    "Write Requests Served": 22,
    "Hops": 443
  },
  "Node 1986243": {
    "Read Requests Served": 41,
    "Write Requests Served": 21,
    "Hops": 277
  },
  "Node 2890495": {
    "Read Requests Served": 117,
    "Write Requests Served": 36,
    "Hops": 487
  },
  "Node 3158541": {
    "Read Requests Served": 49,
    "Write Requests Served": 21,
    "Hops": 288
  },
  "Node 1931690": {
    "Read Requests Served": 66,
    "Write Requests Served": 30,
    "Hops": 494
  },
  "Node 744538": {
    "Read Requests Served": 42,
    "Write Requests Served": 25,
    "Hops": 278
  },
  "Node 3446453": {
    "Read Requests Served": 186,
    "Write Requests Served": 58,
    "Hops": 475
  },
  "Node 3694383": {
    "Read Requests Served": 0,
    "Write Requests Served": 17,
    "Hops": 108
  },
  "Node 3505572": {
    "Read Requests Served": 10,
    "Write Requests Served": 16,
    "Hops": 67
  },
  "Node 1025739": {
    "Read Requests Served": 72,
    "Write Requests Served": 24,
    "Hops": 438
  },
  "Node 2606299": {
    "Read Requests Served": 55,
    "Write Requests Served": 31,
    "Hops": 410
  },
  "Node 55126": {
    "Read Requests Served": 20,
    "Write Requests Served": 22,
    "Hops": 159
  },
  "Node 1551183": {
    "Read Requests Served": 49,
    "Write Requests Served": 23,
    "Hops": 399
  },
  "Node 1490167": {
    "Read Requests Served": 21,
    "Write Requests Served": 15,
    "Hops": 126
  },
  "Node 191065": {
    "Read Requests Served": 6,
    "Write Requests Served": 9,
    "Hops": 74
  },
  "Node 3198941": {
    "Read Requests Served": 0,
    "Write Requests Served": 16,
    "Hops": 44
  },
  "Node 4083800": {
    "Read Requests Served": 27,
    "Write Requests Served": 18,
    "Hops": 235
  },
  "Node 2691708": {
    "Read Requests Served": 0,
    "Write Requests Served": 12,
    "Hops": 77
  },
  "Node 3838132": {
    "Read Requests Served": 67,
    "Write Requests Served": 32,
    "Hops": 263
  },
  "Node 2537708": {
    "Read Requests Served": 75,
    "Write Requests Served": 35,
    "Hops": 354
  },
  "Node 1408647": {
    "Read Requests Served": 68,
    "Write Requests Served": 28,
    "Hops": 418
  },
  "Node 851603": {
    "Read Requests Served": 13,
    "Write Requests Served": 13,
    "Hops": 200
  },
  "Node 2407791": {
    "Read Requests Served": 10,
    "Write Requests Served": 21,
    "Hops": 189
  },
  "Node 4192257": {
    "Read Requests Served": 0,
    "Write Requests Served": 7,
    "Hops": 249
  },
  "Node 1212523": {
    "Read Requests Served": 28,
    "Write Requests Served": 24,
    "Hops": 352
  },
  "Node 2463392": {
    "Read Requests Served": 0,
    "Write Requests Served": 12,
    "Hops": 45
  },
  "Node 1658509": {
    "Read Requests Served": 8,
    "Write Requests Served": 20,
    "Hops": 151
  },
  "Node 3762354": {
    "Read Requests Served": 19,
    "Write Requests Served": 15,
    "Hops": 165
  },
  "Node 85256": {
    "Read Requests Served": 4,
    "Write Requests Served": 9,
    "Hops": 162
  },
  "Node 1137662": {
    "Read Requests Served": 175,
    "Write Requests Served": 53,
    "Hops": 611
  },
  "Node 393755": {
    "Read Requests Served": 12,
    "Write Requests Served": 17,
    "Hops": 154
  },
  "Node 2620351": {
    "Read Requests Served": 33,
    "Write Requests Served": 16,
    "Hops": 280
  },
  "Node 3885843": {
    "Read Requests Served": 19,
    "Write Requests Served": 15,
    "Hops": 144
  },
  "Node 2463017": {
    "Read Requests Served": 8,
    "Write Requests Served": 8,
    "Hops": 281
  },
  "Node 2063377": {
    "Read Requests Served": 129,
    "Write Requests Served": 45,
    "Hops": 563
  },
  "Node 1764786": {
    "Read Requests Served": 7,
    "Write Requests Served": 15,
    "Hops": 160
  },
  "Node 3567217": {
    "Read Requests Served": 32,
    "Write Requests Served": 20,
    "Hops": 218
  },
  "Node 1758299": {
    "Read Requests Served": 16,
    "Write Requests Served": 13,
    "Hops": 195
  },
  "Node 2234178": {
    "Read Requests Served": 7,
    "Write Requests Served": 8,
    "Hops": 92
  },
  "Node 2302274": {
    "Read Requests Served": 9,
    "Write Requests Served": 14,
    "Hops": 42
  },
  "Node 4165600": {
    "Read Requests Served": 0,
    "Write Requests Served": 16,
    "Hops": 55
  },
  "Node 372863": {
    "Read Requests Served": 88,
    "Write Requests Served": 29,
    "Hops": 164
  },
  "Node 3848092": {
    "Read Requests Served": 28,
    "Write Requests Served": 16,
    "Hops": 147
  },
  "Node 4150575": {
    "Read Requests Served": 6,
    "Write Requests Served": 14,
    "Hops": 192
  },
  "Node 1705387": {
    "Read Requests Served": 52,
    "Write Requests Served": 25,
    "Hops": 185
  },
  "Node 2915568": {
    "Read Requests Served": 58,
    "Write Requests Served": 27,
    "Hops": 151
  },
  "Node 3861163": {
    "Read Requests Served": 21,
    "Write Requests Served": 19,
    "Hops": 180
  },
  "Node 517361": {
    "Read Requests Served": 7,
    "Write Requests Served": 9,
    "Hops": 145
  },
  "Node 85887": {
    "Read Requests Served": 3,
    "Write Requests Served": 10,
    "Hops": 43
  },
  "Node 3201570": {
    "Read Requests Served": 0,
    "Write Requests Served": 5,
    "Hops": 53
  },
  "Node 3048428": {
    "Read Requests Served": 105,
    "Write Requests Served": 32,
    "Hops": 437
  },
  "Node 1352514": {
    "Read Requests Served": 14,
    "Write Requests Served": 15,
    "Hops": 107
  },
  "Node 3201387": {
    "Read Requests Served": 5,
    "Write Requests Served": 11,
    "Hops": 186
  },
  "Node 1481545": {
    "Read Requests Served": 40,
    "Write Requests Served": 24,
    "Hops": 230
  },
  "Node 3627713": {
    "Read Requests Served": 0,
    "Write Requests Served": 10,
    "Hops": 62
  },
  "Node 3296773": {
    "Read Requests Served": 74,
    "Write Requests Served": 30,
    "Hops": 302
  },
  "Node 2666952": {
    "Read Requests Served": 329,
    "Write Requests Served": 93,
    "Hops": 805
  },
  "Node 1203398": {
    "Read Requests Served": 39,
    "Write Requests Served": 15,
    "Hops": 318
  },
  "Node 136270": {
    "Read Requests Served": 58,
    "Write Requests Served": 20,
    "Hops": 258
  },
  "Node 2009690": {
    "Read Requests Served": 85,
    "Write Requests Served": 28,
    "Hops": 442
  },
  "Node 720505": {
    "Read Requests Served": 0,
    "Write Requests Served": 6,
    "Hops": 37
  },
  "Node 578169": {
    "Read Requests Served": 13,
    "Write Requests Served": 15,
    "Hops": 93
  },
  "Node 2140944": {
    "Read Requests Served": 3,
    "Write Requests Served": 11,
    "Hops": 111
  },
  "Node 2848256": {
    "Read Requests Served": 16,
    "Write Requests Served": 12,
    "Hops": 150
  },
  "Node 710544": {
    "Read Requests Served": 114,
    "Write Requests Served": 40,
    "Hops": 406
  },
  "Node 2288043": {
    "Read Requests Served": 54,
    "Write Requests Served": 22,
    "Hops": 334
  },
  "Node 450138": {
    "Read Requests Served": 62,
    "Write Requests Served": 28,
    "Hops": 269
  },
  "Node 1709135": {
    "Read Requests Served": 27,
    "Write Requests Served": 18,
    "Hops": 152
  },
  "Node 3172606": {
    "Read Requests Served": 11,
    "Write Requests Served": 19,
    "Hops": 58
  },
  "Node 3070721": {
    "Read Requests Served": 54,
    "Write Requests Served": 23,
    "Hops": 237
  },
  "Node 845202": {
    "Read Requests Served": 7,
    "Write Requests Served": 12,
    "Hops": 165
  },
  "Node 3642685": {
    "Read Requests Served": 78,
    "Write Requests Served": 29,
    "Hops": 334
  },
  "Node 360439": {
    "Read Requests Served": 3,
    "Write Requests Served": 15,
    "Hops": 249
  },
  "Node 35150": {
    "Read Requests Served": 43,
    "Write Requests Served": 22,
    "Hops": 181
  },
  "Node 686138": {
    "Read Requests Served": 23,
    "Write Requests Served": 14,
    "Hops": 420
  },
  "Node 3019557": {
    "Read Requests Served": 0,
    "Write Requests Served": 12,
    "Hops": 35
  },
  "Node 3473592": {
    "Read Requests Served": 9,
    "Write Requests Served": 13,
    "Hops": 161
  },
  "Node 2155226": {
    "Read Requests Served": 44,
    "Write Requests Served": 28,
    "Hops": 230
  },
  "Node 97585": {
    "Read Requests Served": 15,
    "Write Requests Served": 13,
    "Hops": 187
  },
  "Node 243652": {
    "Read Requests Served": 0,
    "Write Requests Served": 6,
    "Hops": 106
  },
  "Node 1313285": {
    "Read Requests Served": 43,
    "Write Requests Served": 25,
    "Hops": 162
  },
  "Node 1720997": {
    "Read Requests Served": 21,
    "Write Requests Served": 14,
    "Hops": 60
  },
  "Node 2943181": {
    "Read Requests Served": 58,
    "Write Requests Served": 21,
    "Hops": 308
  },
  "Node 2511001": {
    "Read Requests Served": 101,
    "Write Requests Served": 39,
    "Hops": 541
  },
  "Node 3344218": {
    "Read Requests Served": 21,
    "Write Requests Served": 21,
    "Hops": 151
  },
  "Node 907853": {
    "Read Requests Served": 5,
    "Write Requests Served": 16,
    "Hops": 53
  },
  "Node 1712340": {
    "Read Requests Served": 8,
    "Write Requests Served": 14,
    "Hops": 74
  },
  "Node 1696101": {
    "Read Requests Served": 0,
    "Write Requests Served": 9,
    "Hops": 39
  },
  "Node 1931780": {
    "Read Requests Served": 0,
    "Write Requests Served": 8,
    "Hops": 37
  },
  "Node 3411653": {
    "Read Requests Served": 58,
    "Write Requests Served": 23,
    "Hops": 203
  },
  "Node 4013984": {
    "Read Requests Served": 69,
    "Write Requests Served": 28,
    "Hops": 294
  },
  "Node 3193753": {
    "Read Requests Served": 8,
    "Write Requests Served": 14,
    "Hops": 58
  },
  "Node 2318690": {
    "Read Requests Served": 71,
    "Write Requests Served": 29,
    "Hops": 215
  },
  "Node 4190884": {
    "Read Requests Served": 74,
    "Write Requests Served": 28,
    "Hops": 340
  },
  "Node 953715": {
    "Read Requests Served": 0,
    "Write Requests Served": 14,
    "Hops": 84
  },
  "Node 4065231": {
    "Read Requests Served": 9,
    "Write Requests Served": 11,
    "Hops": 119
  },
  "Node 1659559": {
    "Read Requests Served": 16,
    "Write Requests Served": 10,
    "Hops": 44
  },
  "Node 989443": {
    "Read Requests Served": 34,
    "Write Requests Served": 23,
    "Hops": 211
  },
  "Node 1987892": {
    "Read Requests Served": 20,
    "Write Requests Served": 19,
    "Hops": 91
  },
  "Node 3589788": {
    "Read Requests Served": 79,
    "Write Requests Served": 36,
    "Hops": 385
  },
  "Node 1729862": {
    "Read Requests Served": 14,
    "Write Requests Served": 10,
    "Hops": 258
  },
  "Node 1231709": {
    "Read Requests Served": 55,
    "Write Requests Served": 27,
    "Hops": 315
  },
  "Node 1565535": {
    "Read Requests Served": 0,
    "Write Requests Served": 13,
    "Hops": 46
  },
  "Node 243087": {
    "Read Requests Served": 31,
    "Write Requests Served": 15,
    "Hops": 92
  },
  "Node 3891592": {
    "Read Requests Served": 8,
    "Write Requests Served": 18,
    "Hops": 201
  },
  "Node 3876614": {
    "Read Requests Served": 11,
    "Write Requests Served": 16,
    "Hops": 154
  },
  "Node 2417713": {
    "Read Requests Served": 31,
    "Write Requests Served": 26,
    "Hops": 188
  },
  "Node 2261597": {
    "Read Requests Served": 77,
    "Write Requests Served": 37,
    "Hops": 249
  },
  "Node 1870406": {
    "Read Requests Served": 20,
    "Write Requests Served": 17,
    "Hops": 177
  },
  "Node 546778": {
    "Read Requests Served": 26,
    "Write Requests Served": 21,
    "Hops": 256
  },
  "Node 1376827": {
    "Read Requests Served": 42,
    "Write Requests Served": 19,
    "Hops": 259
  },
  "Node 617078": {
    "Read Requests Served": 18,
    "Write Requests Served": 22,
    "Hops": 507
  },
  "Node 783049": {
    "Read Requests Served": 80,
    "Write Requests Served": 30,
    "Hops": 400
  },
  "Node 1102230": {
    "Read Requests Served": 34,
    "Write Requests Served": 17,
    "Hops": 269
  },
  "Node 3015697": {
    "Read Requests Served": 29,
    "Write Requests Served": 19,
    "Hops": 269
  },
  "Node 3651033": {
    "Read Requests Served": 35,
    "Write Requests Served": 26,
    "Hops": 239
  },
  "Node 1306817": {
    "Read Requests Served": 101,
    "Write Requests Served": 35,
    "Hops": 443
  },
  "Node 74292": {
    "Read Requests Served": 23,
    "Write Requests Served": 20,
    "Hops": 75
  },
  "Node 20701": {
    "Read Requests Served": 134,
    "Write Requests Served": 52,
    "Hops": 470
  },
  "Node 2576625": {
    "Read Requests Served": 11,
    "Write Requests Served": 14,
    "Hops": 233
  },
  "Node 528317": {
    "Read Requests Served": 0,
    "Write Requests Served": 15,
    "Hops": 118
  },
  "Node 676662": {
    "Read Requests Served": 56,
    "Write Requests Served": 22,
    "Hops": 373
  },
  "Node 2193822": {
    "Read Requests Served": 40,
    "Write Requests Served": 13,
    "Hops": 232
  },
  "Node 646768": {
    "Read Requests Served": 21,
    "Write Requests Served": 13,
    "Hops": 123
  },
  "Node 933856": {
    "Read Requests Served": 16,
    "Write Requests Served": 16,
    "Hops": 81
  },
  "Node 4065946": {
    "Read Requests Served": 5,
    "Write Requests Served": 13,
    "Hops": 61
  },
  "Node 1147922": {
    "Read Requests Served": 7,
    "Write Requests Served": 19,
    "Hops": 70
  },
  "Node 1472859": {
    "Read Requests Served": 65,
    "Write Requests Served": 23,
    "Hops": 308
  },
  "Node 2932908": {
    "Read Requests Served": 0,
    "Write Requests Served": 13,
    "Hops": 95
  },
  "Node 1555988": {
    "Read Requests Served": 24,
    "Write Requests Served": 23,
    "Hops": 86
  },
  "Node 2765290": {
    "Read Requests Served": 17,
    "Write Requests Served": 16,
    "Hops": 121
  },
  "Node 356042": {
    "Read Requests Served": 13,
    "Write Requests Served": 18,
    "Hops": 81
  },
  "Node 4138614": {
    "Read Requests Served": 100,
    "Write Requests Served": 39,
    "Hops": 540
  },
  "Node 421488": {
    "Read Requests Served": 0,
    "Write Requests Served": 11,
    "Hops": 43
  },
  "Node 566163": {
    "Read Requests Served": 66,
    "Write Requests Served": 30,
    "Hops": 237
  },
  "Node 3887729": {
    "Read Requests Served": 5,
    "Write Requests Served": 15,
    "Hops": 47
  },
  "Node 230500": {
    "Read Requests Served": 16,
    "Write Requests Served": 21,
    "Hops": 123
  },
  "Node 216411": {
    "Read Requests Served": 30,
    "Write Requests Served": 14,
    "Hops": 182
  },
  "Node 1187043": {
    "Read Requests Served": 14,
    "Write Requests Served": 16,
    "Hops": 63
  },
  "Node 3309904": {
    "Read Requests Served": 15,
    "Write Requests Served": 17,
    "Hops": 41
  },
  "Node 2481434": {
    "Read Requests Served": 105,
    "Write Requests Served": 36,
    "Hops": 339
  },
  "Node 254628": {
    "Read Requests Served": 31,
    "Write Requests Served": 24,
    "Hops": 196
  },
  "Node 2463298": {
    "Read Requests Served": 0,
    "Write Requests Served": 11,
    "Hops": 74
  },
  "Node 2611748": {
    "Read Requests Served": 19,
    "Write Requests Served": 13,
    "Hops": 235
  },
  "Node 4028465": {
    "Read Requests Served": 24,
    "Write Requests Served": 21,
    "Hops": 136
  },
  "Node 196605": {
    "Read Requests Served": 34,
    "Write Requests Served": 26,
    "Hops": 308
  },
  "Node 640239": {
    "Read Requests Served": 122,
    "Write Requests Served": 46,
    "Hops": 504
  },
  "Node 524575": {
    "Read Requests Served": 9,
    "Write Requests Served": 12,
    "Hops": 112
  },
  "Node 2274695": {
    "Read Requests Served": 40,
    "Write Requests Served": 17,
    "Hops": 136
  },
  "Node 2929857": {
    "Read Requests Served": 24,
    "Write Requests Served": 23,
    "Hops": 158
  },
  "Node 228034": {
    "Read Requests Served": 49,
    "Write Requests Served": 27,
    "Hops": 167
  },
  "Node 1156632": {
    "Read Requests Served": 12,
    "Write Requests Served": 13,
    "Hops": 54
  },
  "Node 2556692": {
    "Read Requests Served": 9,
    "Write Requests Served": 8,
    "Hops": 121
  },
  "Node 2745350": {
    "Read Requests Served": 43,
    "Write Requests Served": 19,
    "Hops": 351
  },
  "Node 2175097": {
    "Read Requests Served": 57,
    "Write Requests Served": 24,
    "Hops": 179
  },
  "Node 1782612": {
    "Read Requests Served": 66,
    "Write Requests Served": 28,
    "Hops": 277
  },
  "Node 111290": {
    "Read Requests Served": 23,
    "Write Requests Served": 18,
    "Hops": 100
  },
  "Node 3455126": {
    "Read Requests Served": 45,
    "Write Requests Served": 26,
    "Hops": 301
  },
  "Node 744630": {
    "Read Requests Served": 0,
    "Write Requests Served": 9,
    "Hops": 56
  },
  "Node 576199": {
    "Read Requests Served": 32,
    "Write Requests Served": 18,
    "Hops": 231
  },
  "Node 3219214": {
    "Read Requests Served": 14,
    "Write Requests Served": 8,
    "Hops": 159
  },
  "Node 1475161": {
    "Read Requests Served": 18,
    "Write Requests Served": 10,
    "Hops": 171
  },
  "Node 2427384": {
    "Read Requests Served": 0,
    "Write Requests Served": 11,
    "Hops": 70
  },
  "Node 524898": {
    "Read Requests Served": 9,
    "Write Requests Served": 15,
    "Hops": 77
  },
  "Node 2706259": {
    "Read Requests Served": 34,
    "Write Requests Served": 18,
    "Hops": 117
  },
  "Node 2759450": {
    "Read Requests Served": 7,
    "Write Requests Served": 9,
    "Hops": 52
  },
  "Node 4113332": {
    "Read Requests Served": 100,
    "Write Requests Served": 39,
    "Hops": 243
  },
  "Node 1113481": {
    "Read Requests Served": 56,
    "Write Requests Served": 24,
    "Hops": 137
  },
  "Node 2559384": {
    "Read Requests Served": 0,
    "Write Requests Served": 12,
    "Hops": 44
  },
  "Node 1526928": {
    "Read Requests Served": 54,
    "Write Requests Served": 24,
    "Hops": 296
  },
  "Node 2353567": {
    "Read Requests Served": 0,
    "Write Requests Served": 10,
    "Hops": 35
  },
  "Node 3626042": {
    "Read Requests Served": 37,
    "Write Requests Served": 23,
    "Hops": 196
  },
  "Node 2019168": {
    "Read Requests Served": 21,
    "Write Requests Served": 10,
    "Hops": 172
  },
  "Node 829681": {
    "Read Requests Served": 42,
    "Write Requests Served": 28,
    "Hops": 193
  },
  "Node 1568696": {
    "Read Requests Served": 16,
    "Write Requests Served": 17,
    "Hops": 96
  },
  "Node 2428353": {
    "Read Requests Served": 0,
    "Write Requests Served": 10,
    "Hops": 32
  },
  "Node 1527811": {
    "Read Requests Served": 0,
    "Write Requests Served": 11,
    "Hops": 42
  },
  "Node 4040922": {
    "Read Requests Served": 32,
    "Write Requests Served": 20,
    "Hops": 243
  },
  "Node 1622832": {
    "Read Requests Served": 142,
    "Write Requests Served": 46,
    "Hops": 476
  },
  "Node 843763": {
    "Read Requests Served": 42,
    "Write Requests Served": 21,
    "Hops": 225
  },
  "Node 1910533": {
    "Read Requests Served": 48,
    "Write Requests Served": 33,
    "Hops": 424
  },
  "Node 83607": {
    "Read Requests Served": 37,
    "Write Requests Served": 20,
    "Hops": 425
  },
  "Node 928385": {
    "Read Requests Served": 18,
    "Write Requests Served": 18,
    "Hops": 116
  },
  "Node 2866292": {
    "Read Requests Served": 4,
    "Write Requests Served": 14,
    "Hops": 68
  },
  "Node 1181592": {
    "Read Requests Served": 7,
    "Write Requests Served": 20,
    "Hops": 61
  },
  "Node 2700326": {
    "Read Requests Served": 47,
    "Write Requests Served": 22,
    "Hops": 234
  },
  "Node 3805447": {
    "Read Requests Served": 119,
    "Write Requests Served": 45,
    "Hops": 608
  },
  "Node 2682847": {
    "Read Requests Served": 87,
    "Write Requests Served": 30,
    "Hops": 340
  },
  "Node 3615497": {
    "Read Requests Served": 0,
    "Write Requests Served": 11,
    "Hops": 62
  },
  "Node 3569925": {
    "Read Requests Served": 9,
    "Write Requests Served": 17,
    "Hops": 111
  },
  "Node 1177262": {
    "Read Requests Served": 87,
    "Write Requests Served": 36,
    "Hops": 292
  },
  "Node 421292": {
    "Read Requests Served": 54,
    "Write Requests Served": 22,
    "Hops": 342
  },
  "Node 2426461": {
    "Read Requests Served": 23,
    "Write Requests Served": 17,
    "Hops": 214
  },
  "Node 1963007": {
    "Read Requests Served": 91,
    "Write Requests Served": 32,
    "Hops": 464
  },
  "Node 1180507": {
    "Read Requests Served": 25,
    "Write Requests Served": 18,
    "Hops": 168
  },
  "Node 1272782": {
    "Read Requests Served": 57,
    "Write Requests Served": 19,
    "Hops": 318
  },
  "Node 3656065": {
    "Read Requests Served": 21,
    "Write Requests Served": 16,
    "Hops": 252
  },
  "Node 2789990": {
    "Read Requests Served": 137,
    "Write Requests Served": 44,
    "Hops": 555
  },
  "Node 2579005": {
    "Read Requests Served": 19,
    "Write Requests Served": 14,
    "Hops": 57
  },
  "Node 506101": {
    "Read Requests Served": 3,
    "Write Requests Served": 7,
    "Hops": 130
  },
  "Node 305355": {
    "Read Requests Served": 10,
    "Write Requests Served": 16,
    "Hops": 84
  },
  "Node 3658686": {
    "Read Requests Served": 19,
    "Write Requests Served": 14,
    "Hops": 177
  },
  "Node 1732127": {
    "Read Requests Served": 28,
    "Write Requests Served": 12,
    "Hops": 81
  },
  "Node 4019087": {
    "Read Requests Served": 10,
    "Write Requests Served": 14,
    "Hops": 77
  },
  "Node 2690966": {
    "Read Requests Served": 16,
    "Write Requests Served": 15,
    "Hops": 178
  },
  "Node 59476": {
    "Read Requests Served": 31,
    "Write Requests Served": 16,
    "Hops": 158
  },
  "Node 720409": {
    "Read Requests Served": 95,
    "Write Requests Served": 32,
    "Hops": 402
  },
  "Node 4067517": {
    "Read Requests Served": 0,
    "Write Requests Served": 8,
    "Hops": 70
  },
  "Node 3772464": {
    "Read Requests Served": 43,
    "Write Requests Served": 21,
    "Hops": 114
  },
  "Node 2027307": {
    "Read Requests Served": 13,
    "Write Requests Served": 13,
    "Hops": 228
  },
  "Node 2766676": {
    "Read Requests Served": 0,
    "Write Requests Served": 14,
    "Hops": 120
  },
  "Node 3473618": {
    "Read Requests Served": 0,
    "Write Requests Served": 9,
    "Hops": 37
  },
  "Node 1194011": {
    "Read Requests Served": 2,
    "Write Requests Served": 15,
    "Hops": 59
  },
  "Node 2340249": {
    "Read Requests Served": 53,
    "Write Requests Served": 32,
    "Hops": 206
  },
  "Node 106122": {
    "Read Requests Served": 47,
    "Write Requests Served": 26,
    "Hops": 212
  },
  "Node 2811019": {
    "Read Requests Served": 6,
    "Write Requests Served": 20,
    "Hops": 91
  },
  "Node 4097734": {
    "Read Requests Served": 39,
    "Write Requests Served": 23,
    "Hops": 487
  },
  "Node 3235952": {
    "Read Requests Served": 27,
    "Write Requests Served": 17,
    "Hops": 114
  },
  "Node 450867": {
    "Read Requests Served": 6,
    "Write Requests Served": 15,
    "Hops": 133
  },
  "Node 4035088": {
    "Read Requests Served": 14,
    "Write Requests Served": 18,
    "Hops": 43
  },
  "Node 924377": {
    "Read Requests Served": 13,
    "Write Requests Served": 12,
    "Hops": 98
  },
  "Node 579243": {
    "Read Requests Served": 12,
    "Write Requests Served": 14,
    "Hops": 59
  },
  "Node 618362": {
    "Read Requests Served": 10,
    "Write Requests Served": 9,
    "Hops": 72
  },
  "Node 118859": {
    "Read Requests Served": 25,
    "Write Requests Served": 16,
    "Hops": 184
  },
  "Node 1106758": {
    "Read Requests Served": 20,
    "Write Requests Served": 19,
    "Hops": 207
  },
  "Node 1146064": {
    "Read Requests Served": 35,
    "Write Requests Served": 20,
    "Hops": 420
  },
  "Node 893519": {
    "Read Requests Served": 55,
    "Write Requests Served": 21,
    "Hops": 150
  },
  "Node 2948280": {
    "Read Requests Served": 13,
    "Write Requests Served": 11,
    "Hops": 82
  },
  "Node 490380": {
    "Read Requests Served": 0,
    "Write Requests Served": 6,
    "Hops": 144
  },
  "Node 2264356": {
    "Read Requests Served": 0,
    "Write Requests Served": 11,
    "Hops": 45
  },
  "Node 333440": {
    "Read Requests Served": 36,
    "Write Requests Served": 20,
    "Hops": 61
  },
  "Node 3542185": {
    "Read Requests Served": 30,
    "Write Requests Served": 21,
    "Hops": 260
  },
  "Node 3339320": {
    "Read Requests Served": 43,
    "Write Requests Served": 30,
    "Hops": 284
  },
  "Node 2560829": {
    "Read Requests Served": 22,
    "Write Requests Served": 16,
    "Hops": 148
  },
  "Node 4192669": {
    "Read Requests Served": 0,
    "Write Requests Served": 10,
    "Hops": 87
  },
  "Node 2691588": {
    "Read Requests Served": 3,
    "Write Requests Served": 17,
    "Hops": 114
  },
  "Node 611915": {
    "Read Requests Served": 182,
    "Write Requests Served": 58,
    "Hops": 507
  },
  "Node 3875118": {
    "Read Requests Served": 13,
    "Write Requests Served": 12,
    "Hops": 208
  },
  "Node 1463795": {
    "Read Requests Served": 10,
    "Write Requests Served": 15,
    "Hops": 34
  },
  "Node 189402": {
    "Read Requests Served": 14,
    "Write Requests Served": 15,
    "Hops": 173
  },
  "Node 423303": {
    "Read Requests Served": 10,
    "Write Requests Served": 12,
    "Hops": 151
  },
  "Node 1682903": {
    "Read Requests Served": 13,
    "Write Requests Served": 14,
    "Hops": 126
  },
  "Node 3108436": {
    "Read Requests Served": 24,
    "Write Requests Served": 14,
    "Hops": 101
  },
  "Node 3616676": {
    "Read Requests Served": 22,
    "Write Requests Served": 15,
    "Hops": 73
  },
  "Node 2845402": {
    "Read Requests Served": 29,
    "Write Requests Served": 15,
    "Hops": 309
  },
  "Node 303405": {
    "Read Requests Served": 65,
    "Write Requests Served": 23,
    "Hops": 321
  },
  "Node 44185": {
    "Read Requests Served": 34,
    "Write Requests Served": 20,
    "Hops": 136
  },
  "Node 912211": {
    "Read Requests Served": 26,
    "Write Requests Served": 21,
    "Hops": 100
  },
  "Node 681658": {
    "Read Requests Served": 21,
    "Write Requests Served": 21,
    "Hops": 81
  },
  "Node 847553": {
    "Read Requests Served": 4,
    "Write Requests Served": 7,
    "Hops": 128
  },
  "Node 2362372": {
    "Read Requests Served": 53,
    "Write Requests Served": 21,
    "Hops": 309
  },
  "Node 3170754": {
    "Read Requests Served": 8,
    "Write Requests Served": 14,
    "Hops": 52
  },
  "Node 3327154": {
    "Read Requests Served": 0,
    "Write Requests Served": 14,
    "Hops": 90
  },
  "Node 2041099": {
    "Read Requests Served": 22,
    "Write Requests Served": 21,
    "Hops": 88
  },
  "Node 1336733": {
    "Read Requests Served": 13,
    "Write Requests Served": 20,
    "Hops": 212
  },
  "Node 2865465": {
    "Read Requests Served": 11,
    "Write Requests Served": 12,
    "Hops": 116
  },
  "Node 931108": {
    "Read Requests Served": 20,
    "Write Requests Served": 17,
    "Hops": 113
  },
  "Node 3016805": {
    "Read Requests Served": 5,
    "Write Requests Served": 14,
    "Hops": 35
  },
  "Node 1281297": {
    "Read Requests Served": 27,
    "Write Requests Served": 17,
    "Hops": 212
  },
  "Node 391757": {
    "Read Requests Served": 153,
    "Write Requests Served": 50,
    "Hops": 433
  },
  "Node 3282715": {
    "Read Requests Served": 2,
    "Write Requests Served": 14,
    "Hops": 219
  },
  "Node 3732517": {
    "Read Requests Served": 116,
    "Write Requests Served": 39,
    "Hops": 690
  },
  "Node 2850293": {
    "Read Requests Served": 12,
    "Write Requests Served": 15,
    "Hops": 60
  },
  "Node 1220879": {
    "Read Requests Served": 64,
    "Write Requests Served": 29,
    "Hops": 238
  },
  "Node 750840": {
    "Read Requests Served": 2,
    "Write Requests Served": 14,
    "Hops": 169
  },
  "Node 443028": {
    "Read Requests Served": 7,
    "Write Requests Served": 14,
    "Hops": 116
  },
  "Node 313069": {
    "Read Requests Served": 41,
    "Write Requests Served": 30,
    "Hops": 170
  },
  "Node 262459": {
    "Read Requests Served": 21,
    "Write Requests Served": 25,
    "Hops": 183
  },
  "Node 547651": {
    "Read Requests Served": 19,
    "Write Requests Served": 17,
    "Hops": 32
  },
  "Node 411688": {
    "Read Requests Served": 9,
    "Write Requests Served": 17,
    "Hops": 89
  },
  "Node 3084577": {
    "Read Requests Served": 34,
    "Write Requests Served": 22,
    "Hops": 168
  },
  "Node 2740543": {
    "Read Requests Served": 31,
    "Write Requests Served": 24,
    "Hops": 122
  },
  "Node 3848411": {
    "Read Requests Served": 0,
    "Write Requests Served": 15,
    "Hops": 50
  },
  "Node 2840550": {
    "Read Requests Served": 16,
    "Write Requests Served": 8,
    "Hops": 159
  },
  "Node 2871455": {
    "Read Requests Served": 49,
    "Write Requests Served": 25,
    "Hops": 231
  },
  "Node 3358697": {
    "Read Requests Served": 16,
    "Write Requests Served": 18,
    "Hops": 62
  },
  "Node 2264341": {
    "Read Requests Served": 24,
    "Write Requests Served": 17,
    "Hops": 112
  },
  "Node 2899614": {
    "Read Requests Served": 0,
    "Write Requests Served": 8,
    "Hops": 83
  },
  "Node 612121": {
    "Read Requests Served": 0,
    "Write Requests Served": 11,
    "Hops": 117
  },
  "Node 3198873": {
    "Read Requests Served": 47,
    "Write Requests Served": 26,
    "Hops": 138
  },
  "Node 1074377": {
    "Read Requests Served": 91,
    "Write Requests Served": 37,
    "Hops": 369
  },
  "Node 4147861": {
    "Read Requests Served": 0,
    "Write Requests Served": 6,
    "Hops": 52
  },
  "Node 1855014": {
    "Read Requests Served": 0,
    "Write Requests Served": 9,
    "Hops": 32
  },
  "Node 1753591": {
    "Read Requests Served": 6,
    "Write Requests Served": 19,
    "Hops": 91
  },
  "Node 1990227": {
    "Read Requests Served": 25,
    "Write Requests Served": 14,
    "Hops": 99
  },
  "Node 899757": {
    "Read Requests Served": 36,
    "Write Requests Served": 19,
    "Hops": 118
  },
  "Node 3764252": {
    "Read Requests Served": 20,
    "Write Requests Served": 15,
    "Hops": 117
  },
  "Node 2841842": {
    "Read Requests Served": 6,
    "Write Requests Served": 23,
    "Hops": 48
  },
  "Node 3550497": {
    "Read Requests Served": 54,
    "Write Requests Served": 30,
    "Hops": 339
  },
  "Node 1382499": {
    "Read Requests Served": 12,
    "Write Requests Served": 10,
    "Hops": 39
  },
  "Node 2686691": {
    "Read Requests Served": 12,
    "Write Requests Served": 14,
    "Hops": 204
  },
  "Node 3818884": {
    "Read Requests Served": 83,
    "Write Requests Served": 33,
    "Hops": 386
  },
  "Node 1632591": {
    "Read Requests Served": 47,
    "Write Requests Served": 16,
    "Hops": 97
  },
  "Node 3192489": {
    "Read Requests Served": 138,
    "Write Requests Served": 43,
    "Hops": 617
  },
  "Node 2898477": {
    "Read Requests Served": 77,
    "Write Requests Served": 27,
    "Hops": 211
  },
  "Node 513999": {
    "Read Requests Served": 5,
    "Write Requests Served": 15,
    "Hops": 48
  },
  "Node 3843126": {
    "Read Requests Served": 0,
    "Write Requests Served": 12,
    "Hops": 45
  },
  "Node 4151682": {
    "Read Requests Served": 6,
    "Write Requests Served": 16,
    "Hops": 51
  },
  "Node 1248074": {
    "Read Requests Served": 0,
    "Write Requests Served": 8,
    "Hops": 45
  },
  "Node 29746": {
    "Read Requests Served": 75,
    "Write Requests Served": 29,
    "Hops": 329
  },
  "Node 488859": {
    "Read Requests Served": 10,
    "Write Requests Served": 13,
    "Hops": 150
  },
  "Node 3842911": {
    "Read Requests Served": 9,
    "Write Requests Served": 10,
    "Hops": 99
  },
  "Node 1350866": {
    "Read Requests Served": 8,
    "Write Requests Served": 15,
    "Hops": 37
  },
  "Node 3097140": {
    "Read Requests Served": 20,
    "Write Requests Served": 17,
    "Hops": 129
  },
  "Node 3219832": {
    "Read Requests Served": 5,
    "Write Requests Served": 17,
    "Hops": 54
  },
  "Node 3875341": {
    "Read Requests Served": 0,
    "Write Requests Served": 7,
    "Hops": 45
  },
  "Node 2025026": {
    "Read Requests Served": 13,
    "Write Requests Served": 21,
    "Hops": 67
  },
  "Node 1380413": {
    "Read Requests Served": 14,
    "Write Requests Served": 11,
    "Hops": 216
  },
  "Node 3240928": {
    "Read Requests Served": 8,
    "Write Requests Served": 16,
    "Hops": 112
  },
  "Node 1276985": {
    "Read Requests Served": 9,
    "Write Requests Served": 15,
    "Hops": 136
  },
  "Node 1393932": {
    "Read Requests Served": 46,
    "Write Requests Served": 31,
    "Hops": 146
  },
  "Node 3630837": {
    "Read Requests Served": 0,
    "Write Requests Served": 10,
    "Hops": 89
  },
  "Node 4006507": {
    "Read Requests Served": 274,
    "Write Requests Served": 71,
    "Hops": 878
  },
  "Node 3307825": {
    "Read Requests Served": 53,
    "Write Requests Served": 20,
    "Hops": 193
  },
  "Node 1007589": {
    "Read Requests Served": 77,
    "Write Requests Served": 36,
    "Hops": 434
  },
  "Node 889125": {
    "Read Requests Served": 3,
    "Write Requests Served": 9,
    "Hops": 57
  },
  "Node 3535921": {
    "Read Requests Served": 8,
    "Write Requests Served": 14,
    "Hops": 93
  },
  "Node 2306032": {
    "Read Requests Served": 24,
    "Write Requests Served": 19,
    "Hops": 139
  },
  "Node 4147791": {
    "Read Requests Served": 59,
    "Write Requests Served": 21,
    "Hops": 264
  },
  "Node 808752": {
    "Read Requests Served": 56,
    "Write Requests Served": 26,
    "Hops": 209
  },
  "Node 3963860": {
    "Read Requests Served": 71,
    "Write Requests Served": 25,
    "Hops": 243
  },
  "Node 3094285": {
    "Read Requests Served": 25,
    "Write Requests Served": 17,
    "Hops": 165
  },
  "Node 728225": {
    "Read Requests Served": 26,
    "Write Requests Served": 14,
    "Hops": 69
  },
  "Node 4016313": {
    "Read Requests Served": 15,
    "Write Requests Served": 17,
    "Hops": 66
  },
  "Node 2376334": {
    "Read Requests Served": 35,
    "Write Requests Served": 17,
    "Hops": 124
  },
  "Node 280966": {
    "Read Requests Served": 136,
    "Write Requests Served": 42,
    "Hops": 354
  },
  "Node 1487389": {
    "Read Requests Served": 49,
    "Write Requests Served": 22,
    "Hops": 89
  },
  "Node 1011017": {
    "Read Requests Served": 14,
    "Write Requests Served": 6,
    "Hops": 90
  },
  "Node 73357": {
    "Read Requests Served": 64,
    "Write Requests Served": 27,
    "Hops": 262
  },
  "Node 528402": {
    "Read Requests Served": 0,
    "Write Requests Served": 8,
    "Hops": 36
  },
  "Node 3270177": {
    "Read Requests Served": 109,
    "Write Requests Served": 41,
    "Hops": 511
  },
  "Node 747646": {
    "Read Requests Served": 16,
    "Write Requests Served": 16,
    "Hops": 168
  },
  "Node 2117864": {
    "Read Requests Served": 38,
    "Write Requests Served": 17,
    "Hops": 67
  },
  "Node 3926258": {
    "Read Requests Served": 25,
    "Write Requests Served": 16,
    "Hops": 153
  },
  "Node 1150205": {
    "Read Requests Served": 16,
    "Write Requests Served": 14,
    "Hops": 39
  },
  "Node 642974": {
    "Read Requests Served": 9,
    "Write Requests Served": 16,
    "Hops": 67
  },
  "Node 1457727": {
    "Read Requests Served": 7,
    "Write Requests Served": 14,
    "Hops": 134
  },
  "Node 818857": {
    "Read Requests Served": 40,
    "Write Requests Served": 18,
    "Hops": 319
  },
  "Node 1341396": {
    "Read Requests Served": 9,
    "Write Requests Served": 23,
    "Hops": 159
  },
  "Node 3466418": {
    "Read Requests Served": 18,
    "Write Requests Served": 16,
    "Hops": 101
  },
  "Node 3232350": {
    "Read Requests Served": 8,
    "Write Requests Served": 11,
    "Hops": 129
  },
  "Node 3238334": {
    "Read Requests Served": 19,
    "Write Requests Served": 17,
    "Hops": 102
  },
  "Node 3688211": {
    "Read Requests Served": 2,
    "Write Requests Served": 13,
    "Hops": 49
  },
  "Node 3061919": {
    "Read Requests Served": 32,
    "Write Requests Served": 15,
    "Hops": 201
  },
  "Node 4087044": {
    "Read Requests Served": 27,
    "Write Requests Served": 20,
    "Hops": 144
  },
  "Node 430660": {
    "Read Requests Served": 47,
    "Write Requests Served": 27,
    "Hops": 342
  },
  "Node 2875083": {
    "Read Requests Served": 29,
    "Write Requests Served": 15,
    "Hops": 53
  },
  "Node 2402752": {
    "Read Requests Served": 40,
    "Write Requests Served": 22,
    "Hops": 281
  },
  "Node 2295722": {
    "Read Requests Served": 0,
    "Write Requests Served": 10,
    "Hops": 145
  },
  "Node 4099496": {
    "Read Requests Served": 1,
    "Write Requests Served": 11,
    "Hops": 67
  },
  "Node 535096": {
    "Read Requests Served": 30,
    "Write Requests Served": 27,
    "Hops": 92
  },
  "Node 2494676": {
    "Read Requests Served": 43,
    "Write Requests Served": 22,
    "Hops": 239
  },
  "Node 1225860": {
    "Read Requests Served": 27,
    "Write Requests Served": 19,
    "Hops": 87
  },
  "Node 2711863": {
    "Read Requests Served": 30,
    "Write Requests Served": 21,
    "Hops": 146
  },
  "Node 1097099": {
    "Read Requests Served": 125,
    "Write Requests Served": 41,
    "Hops": 495
  },
  "Node 2559158": {
    "Read Requests Served": 14,
    "Write Requests Served": 13,
    "Hops": 243
  },
  "Node 412990": {
    "Read Requests Served": 5,
    "Write Requests Served": 20,
    "Hops": 45
  },
  "Node 1449735": {
    "Read Requests Served": 9,
    "Write Requests Served": 14,
    "Hops": 70
  },
  "Node 3533938": {
    "Read Requests Served": 2,
    "Write Requests Served": 10,
    "Hops": 41
  },
  "Node 2946359": {
    "Read Requests Served": 20,
    "Write Requests Served": 18,
    "Hops": 203
  },
  "Node 542075": {
    "Read Requests Served": 10,
    "Write Requests Served": 17,
    "Hops": 77
  },
  "Node 2959272": {
    "Read Requests Served": 42,
    "Write Requests Served": 19,
    "Hops": 208
  },
  "Node 532014": {
    "Read Requests Served": 1,
    "Write Requests Served": 15,
    "Hops": 49
  },
  "Node 129329": {
    "Read Requests Served": 56,
    "Write Requests Served": 21,
    "Hops": 365
  },
  "Node 1602015": {
    "Read Requests Served": 13,
    "Write Requests Served": 15,
    "Hops": 61
  },
  "Node 644649": {
    "Read Requests Served": 7,
    "Write Requests Served": 17,
    "Hops": 170
  },
  "Node 2133707": {
    "Read Requests Served": 101,
    "Write Requests Served": 36,
    "Hops": 405
  },
  "Node 1512139": {
    "Read Requests Served": 74,
    "Write Requests Served": 28,
    "Hops": 386
  },
  "Node 320184": {
    "Read Requests Served": 40,
    "Write Requests Served": 20,
    "Hops": 281
  },
  "Node 2141535": {
    "Read Requests Served": 3,
    "Write Requests Served": 4,
    "Hops": 51
  },
  "Node 3217478": {
    "Read Requests Served": 0,
    "Write Requests Served": 14,
    "Hops": 42
  },
  "Node 3673436": {
    "Read Requests Served": 77,
    "Write Requests Served": 29,
    "Hops": 292
  },
  "Node 503436": {
    "Read Requests Served": 20,
    "Write Requests Served": 19,
    "Hops": 120
  },
  "Node 473198": {
    "Read Requests Served": 64,
    "Write Requests Served": 22,
    "Hops": 250
  },
  "Node 1806880": {
    "Read Requests Served": 87,
    "Write Requests Served": 33,
    "Hops": 194
  },
  "Node 186386": {
    "Read Requests Served": 39,
    "Write Requests Served": 18,
    "Hops": 164
  },
  "Node 1370667": {
    "Read Requests Served": 101,
    "Write Requests Served": 38,
    "Hops": 413
  },
  "Node 3113992": {
    "Read Requests Served": 8,
    "Write Requests Served": 7,
    "Hops": 116
  },
  "Node 485806": {
    "Read Requests Served": 0,
    "Write Requests Served": 10,
    "Hops": 152
  },
  "Node 485444": {
    "Read Requests Served": 25,
    "Write Requests Served": 16,
    "Hops": 48
  },
  "Node 483947": {
    "Read Requests Served": 45,
    "Write Requests Served": 22,
    "Hops": 229
  },
  "Node 3658953": {
    "Read Requests Served": 0,
    "Write Requests Served": 11,
    "Hops": 53
  },
  "Node 2992803": {
    "Read Requests Served": 58,
    "Write Requests Served": 25,
    "Hops": 188
  },
  "Node 991350": {
    "Read Requests Served": 23,
    "Write Requests Served": 15,
    "Hops": 108
  },
  "Node 2145507": {
    "Read Requests Served": 15,
    "Write Requests Served": 17,
    "Hops": 53
  },
  "Node 521646": {
    "Read Requests Served": 21,
    "Write Requests Served": 16,
    "Hops": 131
  },
  "Node 739701": {
    "Read Requests Served": 13,
    "Write Requests Served": 15,
    "Hops": 143
  },
  "Node 1684304": {
    "Read Requests Served": 8,
    "Write Requests Served": 19,
    "Hops": 91
  },
  "Node 4126043": {
    "Read Requests Served": 19,
    "Write Requests Served": 20,
    "Hops": 77
  },
  "Node 1286555": {
    "Read Requests Served": 23,
    "Write Requests Served": 21,
    "Hops": 238
  },
  "Node 1867243": {
    "Read Requests Served": 72,
    "Write Requests Served": 30,
    "Hops": 363
  },
  "Node 4147893": {
    "Read Requests Served": 0,
    "Write Requests Served": 9,
    "Hops": 40
  },
  "Node 3572514": {
    "Read Requests Served": 37,
    "Write Requests Served": 16,
    "Hops": 63
  },
  "Node 2295880": {
    "Read Requests Served": 0,
    "Write Requests Served": 21,
    "Hops": 36
  },
  "Node 3919871": {
    "Read Requests Served": 41,
    "Write Requests Served": 22,
    "Hops": 285
  },
  "Node 3005954": {
    "Read Requests Served": 83,
    "Write Requests Served": 32,
    "Hops": 273
  },
  "Node 475698": {
    "Read Requests Served": 13,
    "Write Requests Served": 13,
    "Hops": 138
  },
  "Node 3020139": {
    "Read Requests Served": 9,
    "Write Requests Served": 13,
    "Hops": 56
  },
  "Node 2101087": {
    "Read Requests Served": 23,
    "Write Requests Served": 20,
    "Hops": 123
  },
  "Node 876238": {
    "Read Requests Served": 41,
    "Write Requests Served": 18,
    "Hops": 316
  },
  "Node 811669": {
    "Read Requests Served": 27,
    "Write Requests Served": 12,
    "Hops": 210
  },
  "Node 737339": {
    "Read Requests Served": 29,
    "Write Requests Served": 27,
    "Hops": 236
  },
  "Node 2294278": {
    "Read Requests Served": 7,
    "Write Requests Served": 18,
    "Hops": 68
  },
  "Node 3698899": {
    "Read Requests Served": 23,
    "Write Requests Served": 20,
    "Hops": 108
  },
  "Node 3009691": {
    "Read Requests Served": 35,
    "Write Requests Served": 18,
    "Hops": 202
  },
  "Node 3715040": {
    "Read Requests Served": 2,
    "Write Requests Served": 11,
    "Hops": 32
  },
  "Node 549434": {
    "Read Requests Served": 11,
    "Write Requests Served": 18,
    "Hops": 188
  },
  "Node 98876": {
    "Read Requests Served": 6,
    "Write Requests Served": 13,
    "Hops": 89
  },
  "Node 851263": {
    "Read Requests Served": 15,
    "Write Requests Served": 18,
    "Hops": 127
  },
  "Node 1981120": {
    "Read Requests Served": 11,
    "Write Requests Served": 17,
    "Hops": 118
  },
  "Node 1350326": {
    "Read Requests Served": 69,
    "Write Requests Served": 30,
    "Hops": 300
  },
  "Node 1040177": {
    "Read Requests Served": 72,
    "Write Requests Served": 30,
    "Hops": 314
  },
  "Node 2686934": {
    "Read Requests Served": 5,
    "Write Requests Served": 13,
    "Hops": 51
  },
  "Node 2195316": {
    "Read Requests Served": 10,
    "Write Requests Served": 13,
    "Hops": 187
  },
  "Node 906371": {
    "Read Requests Served": 42,
    "Write Requests Served": 26,
    "Hops": 184
  },
  "Node 3333899": {
    "Read Requests Served": 0,
    "Write Requests Served": 17,
    "Hops": 118
  },
  "Node 3751339": {
    "Read Requests Served": 3,
    "Write Requests Served": 13,
    "Hops": 65
  },
  "Node 1993166": {
    "Read Requests Served": 13,
    "Write Requests Served": 13,
    "Hops": 88
  },
  "Node 2489961": {
    "Read Requests Served": 20,
    "Write Requests Served": 12,
    "Hops": 234
  },
  "Node 1897783": {
    "Read Requests Served": 37,
    "Write Requests Served": 31,
    "Hops": 231
  },
  "Node 2333334": {
    "Read Requests Served": 64,
    "Write Requests Served": 34,
    "Hops": 378
  },
  "Node 531489": {
    "Read Requests Served": 6,
    "Write Requests Served": 16,
    "Hops": 87
  },
  "Node 3327086": {
    "Read Requests Served": 28,
    "Write Requests Served": 20,
    "Hops": 185
  },
  "Node 2525309": {
    "Read Requests Served": 77,
    "Write Requests Served": 33,
    "Hops": 391
  },
  "Node 354512": {
    "Read Requests Served": 152,
    "Write Requests Served": 53,
    "Hops": 590
  },
  "Node 2456965": {
    "Read Requests Served": 0,
    "Write Requests Served": 14,
    "Hops": 42
  },
  "Node 328957": {
    "Read Requests Served": 39,
    "Write Requests Served": 20,
    "Hops": 468
  },
  "Node 1843612": {
    "Read Requests Served": 36,
    "Write Requests Served": 22,
    "Hops": 105
  },
  "Node 2917966": {
    "Read Requests Served": 13,
    "Write Requests Served": 21,
    "Hops": 89
  },
  "Node 3117080": {
    "Read Requests Served": 7,
    "Write Requests Served": 13,
    "Hops": 143
  },
  "Node 2021174": {
    "Read Requests Served": 0,
    "Write Requests Served": 12,
    "Hops": 77
  },
  "Node 3709953": {
    "Read Requests Served": 38,
    "Write Requests Served": 17,
    "Hops": 338
  },
  "Node 1265211": {
    "Read Requests Served": 4,
    "Write Requests Served": 14,
    "Hops": 77
  },
  "Node 3299708": {
    "Read Requests Served": 18,
    "Write Requests Served": 13,
    "Hops": 80
  },
  "Node 486680": {
    "Read Requests Served": 0,
    "Write Requests Served": 12,
    "Hops": 53
  },
  "Node 2219224": {
    "Read Requests Served": 12,
    "Write Requests Served": 12,
    "Hops": 42
  },
  "Node 3614888": {
    "Read Requests Served": 0,
    "Write Requests Served": 10,
    "Hops": 37
  },
  "Node 4031715": {
    "Read Requests Served": 0,
    "Write Requests Served": 10,
    "Hops": 70
  },
  "Node 1711312": {
    "Read Requests Served": 7,
    "Write Requests Served": 14,
    "Hops": 93
  },
  "Node 983228": {
    "Read Requests Served": 73,
    "Write Requests Served": 29,
    "Hops": 417
  },
  "Node 2790112": {
    "Read Requests Served": 3,
    "Write Requests Served": 15,
    "Hops": 52
  },
  "Node 4050593": {
    "Read Requests Served": 57,
    "Write Requests Served": 26,
    "Hops": 84
  },
  "Node 2607766": {
    "Read Requests Served": 9,
    "Write Requests Served": 15,
    "Hops": 50
  },
  "Node 3703210": {
    "Read Requests Served": 28,
    "Write Requests Served": 22,
    "Hops": 39
  },
  "Node 411124": {
    "Read Requests Served": 92,
    "Write Requests Served": 37,
    "Hops": 403
  },
  "Node 2167083": {
    "Read Requests Served": 68,
    "Write Requests Served": 34,
    "Hops": 418
  },
  "Node 3382024": {
    "Read Requests Served": 43,
    "Write Requests Served": 25,
    "Hops": 158
  },
  "Node 1891349": {
    "Read Requests Served": 9,
    "Write Requests Served": 13,
    "Hops": 105
  },
  "Node 521862": {
    "Read Requests Served": 0,
    "Write Requests Served": 8,
    "Hops": 45
  },
  "Node 363874": {
    "Read Requests Served": 5,
    "Write Requests Served": 9,
    "Hops": 48
  },
  "Node 3922460": {
    "Read Requests Served": 11,
    "Write Requests Served": 18,
    "Hops": 91
  },
  "Node 1147161": {
    "Read Requests Served": 2,
    "Write Requests Served": 13,
    "Hops": 94
  },
  "Node 196661": {
    "Read Requests Served": 0,
    "Write Requests Served": 13,
    "Hops": 39
  },
  "Node 3031474": {
    "Read Requests Served": 40,
    "Write Requests Served": 21,
    "Hops": 136
  },
  "Node 1596845": {
    "Read Requests Served": 8,
    "Write Requests Served": 9,
    "Hops": 46
  },
  "Node 3563310": {
    "Read Requests Served": 17,
    "Write Requests Served": 14,
    "Hops": 101
  },
  "Node 61948": {
    "Read Requests Served": 13,
    "Write Requests Served": 15,
    "Hops": 106
  },
  "Node 412128": {
    "Read Requests Served": 0,
    "Write Requests Served": 8,
    "Hops": 50
  },
  "Node 3088488": {
    "Read Requests Served": 4,
    "Write Requests Served": 12,
    "Hops": 40
  },
  "Node 2358005": {
    "Read Requests Served": 19,
    "Write Requests Served": 14,
    "Hops": 125
  },
  "Node 584682": {
    "Read Requests Served": 32,
    "Write Requests Served": 19,
    "Hops": 163
  },
  "Node 2848788": {
    "Read Requests Served": 4,
    "Write Requests Served": 14,
    "Hops": 46
  },
  "Node 1934042": {
    "Read Requests Served": 8,
    "Write Requests Served": 13,
    "Hops": 165
  },
  "Node 439172": {
    "Read Requests Served": 42,
    "Write Requests Served": 18,
    "Hops": 185
  },
  "Node 1205225": {
    "Read Requests Served": 10,
    "Write Requests Served": 16,
    "Hops": 81
  },
  "Node 2733548": {
    "Read Requests Served": 50,
    "Write Requests Served": 24,
    "Hops": 266
  },
  "Node 1325254": {
    "Read Requests Served": 17,
    "Write Requests Served": 15,
    "Hops": 122
  },
  "Node 2027615": {
    "Read Requests Served": 0,
    "Write Requests Served": 8,
    "Hops": 40
  },
  "Node 2860347": {
    "Read Requests Served": 61,
    "Write Requests Served": 22,
    "Hops": 377
  },
  "Node 3330482": {
    "Read Requests Served": 24,
    "Write Requests Served": 14,
    "Hops": 105
  },
  "Node 2411559": {
    "Read Requests Served": 0,
    "Write Requests Served": 11,
    "Hops": 142
  },
  "Node 837407": {
    "Read Requests Served": 38,
    "Write Requests Served": 21,
    "Hops": 200
  },
  "Node 3592808": {
    "Read Requests Served": 8,
    "Write Requests Served": 18,
    "Hops": 56
  },
  "Node 1685516": {
    "Read Requests Served": 8,
    "Write Requests Served": 12,
    "Hops": 36
  },
  "Node 1744887": {
    "Read Requests Served": 23,
    "Write Requests Served": 15,
    "Hops": 99
  },
  "Node 888564": {
    "Read Requests Served": 40,
    "Write Requests Served": 19,
    "Hops": 388
  },
  "Node 2148424": {
    "Read Requests Served": 0,
    "Write Requests Served": 9,
    "Hops": 44
  },
  "Node 1601207": {
    "Read Requests Served": 23,
    "Write Requests Served": 31,
    "Hops": 247
  },
  "Node 1773032": {
    "Read Requests Served": 35,
    "Write Requests Served": 20,
    "Hops": 201
  },
  "Node 823689": {
    "Read Requests Served": 21,
    "Write Requests Served": 11,
    "Hops": 51
  },
  "Node 768481": {
    "Read Requests Served": 40,
    "Write Requests Served": 22,
    "Hops": 208
  },
  "Node 1943836": {
    "Read Requests Served": 66,
    "Write Requests Served": 29,
    "Hops": 245
  },
  "Node 2456721": {
    "Read Requests Served": 71,
    "Write Requests Served": 27,
    "Hops": 313
  },
  "Node 3687560": {
    "Read Requests Served": 75,
    "Write Requests Served": 27,
    "Hops": 316
  },
  "Node 2368732": {
    "Read Requests Served": 8,
    "Write Requests Served": 13,
    "Hops": 92
  },
  "Node 2189491": {
    "Read Requests Served": 73,
    "Write Requests Served": 28,
    "Hops": 297
  },
  "Node 3613980": {
    "Read Requests Served": 99,
    "Write Requests Served": 34,
    "Hops": 558
  },
  "Node 3150674": {
    "Read Requests Served": 115,
    "Write Requests Served": 38,
    "Hops": 439
  },
  "Node 1840613": {
    "Read Requests Served": 0,
    "Write Requests Served": 6,
    "Hops": 134
  },
  "Node 2572506": {
    "Read Requests Served": 79,
    "Write Requests Served": 35,
    "Hops": 270
  },
  "Node 2167504": {
    "Read Requests Served": 3,
    "Write Requests Served": 17,
    "Hops": 35
  },
  "Node 1916001": {
    "Read Requests Served": 52,
    "Write Requests Served": 23,
    "Hops": 83
  },
  "Node 751925": {
    "Read Requests Served": 7,
    "Write Requests Served": 9,
    "Hops": 101
  },
  "Node 1398707": {
    "Read Requests Served": 21,
    "Write Requests Served": 16,
    "Hops": 86
  },
  "Node 3574406": {
    "Read Requests Served": 15,
    "Write Requests Served": 9,
    "Hops": 169
  },
  "Node 3841559": {
    "Read Requests Served": 25,
    "Write Requests Served": 13,
    "Hops": 225
  },
  "Node 923386": {
    "Read Requests Served": 8,
    "Write Requests Served": 14,
    "Hops": 125
  },
  "Node 2111148": {
    "Read Requests Served": 8,
    "Write Requests Served": 11,
    "Hops": 93
  },
  "Node 1854445": {
    "Read Requests Served": 37,
    "Write Requests Served": 22,
    "Hops": 198
  },
  "Node 968747": {
    "Read Requests Served": 94,
    "Write Requests Served": 37,
    "Hops": 244
  },
  "Node 2458506": {
    "Read Requests Served": 9,
    "Write Requests Served": 14,
    "Hops": 86
  },
  "Node 1835182": {
    "Read Requests Served": 166,
    "Write Requests Served": 57,
    "Hops": 641
  },
  "Node 3027055": {
    "Read Requests Served": 31,
    "Write Requests Served": 22,
    "Hops": 137
  },
  "Node 246422": {
    "Read Requests Served": 11,
    "Write Requests Served": 10,
    "Hops": 228
  },
  "Node 1655676": {
    "Read Requests Served": 47,
    "Write Requests Served": 24,
    "Hops": 192
  },
  "Node 3415008": {
    "Read Requests Served": 5,
    "Write Requests Served": 11,
    "Hops": 201
  },
  "Node 3878622": {
    "Read Requests Served": 0,
    "Write Requests Served": 11,
    "Hops": 75
  },
  "Node 255096": {
    "Read Requests Served": 6,
    "Write Requests Served": 15,
    "Hops": 61
  },
  "Node 1847882": {
    "Read Requests Served": 17,
    "Write Requests Served": 17,
    "Hops": 90
  },
  "Node 1796324": {
    "Read Requests Served": 87,
    "Write Requests Served": 40,
    "Hops": 394
  },
  "Node 4023928": {
    "Read Requests Served": 10,
    "Write Requests Served": 18,
    "Hops": 163
  },
  "Node 114432": {
    "Read Requests Served": 3,
    "Write Requests Served": 10,
    "Hops": 126
  },
  "Node 2930334": {
    "Read Requests Served": 3,
    "Write Requests Served": 18,
    "Hops": 44
  },
  "Node 774250": {
    "Read Requests Served": 19,
    "Write Requests Served": 16,
    "Hops": 173
  },
  "Node 2952127": {
    "Read Requests Served": 37,
    "Write Requests Served": 22,
    "Hops": 145
  },
  "Node 1388658": {
    "Read Requests Served": 31,
    "Write Requests Served": 18,
    "Hops": 173
  },
  "Node 357862": {
    "Read Requests Served": 8,
    "Write Requests Served": 12,
    "Hops": 63
  },
  "Node 1979469": {
    "Read Requests Served": 72,
    "Write Requests Served": 36,
    "Hops": 338
  },
  "Node 4177620": {
    "Read Requests Served": 85,
    "Write Requests Served": 36,
    "Hops": 385
  },
  "Node 1996842": {
    "Read Requests Served": 6,
    "Write Requests Served": 11,
    "Hops": 68
  },
  "Node 3788727": {
    "Read Requests Served": 108,
    "Write Requests Served": 39,
    "Hops": 238
  },
  "Node 3403681": {
    "Read Requests Served": 69,
    "Write Requests Served": 25,
    "Hops": 295
  },
  "Node 2393055": {
    "Read Requests Served": 80,
    "Write Requests Served": 35,
    "Hops": 281
  },
  "Node 1681459": {
    "Read Requests Served": 61,
    "Write Requests Served": 25,
    "Hops": 334
  },
  "Node 668083": {
    "Read Requests Served": 40,
    "Write Requests Served": 20,
    "Hops": 150
  },
  "Node 113853": {
    "Read Requests Served": 21,
    "Write Requests Served": 17,
    "Hops": 70
  },
  "Node 3820492": {
    "Read Requests Served": 0,
    "Write Requests Served": 7,
    "Hops": 46
  },
  "Node 461936": {
    "Read Requests Served": 68,
    "Write Requests Served": 26,
    "Hops": 258
  },
  "Node 1155159": {
    "Read Requests Served": 31,
    "Write Requests Served": 15,
    "Hops": 192
  },
  "Node 3955677": {
    "Read Requests Served": 46,
    "Write Requests Served": 29,
    "Hops": 229
  },
  "Node 2098187": {
    "Read Requests Served": 115,
    "Write Requests Served": 37,
    "Hops": 437
  },
  "Node 4179041": {
    "Read Requests Served": 12,
    "Write Requests Served": 15,
    "Hops": 76
  },
  "Node 1413875": {
    "Read Requests Served": 46,
    "Write Requests Served": 18,
    "Hops": 245
  },
  "Node 3629294": {
    "Read Requests Served": 5,
    "Write Requests Served": 9,
    "Hops": 50
  },
  "Node 1871409": {
    "Read Requests Served": 4,
    "Write Requests Served": 16,
    "Hops": 42
  },
  "Node 167356": {
    "Read Requests Served": 37,
    "Write Requests Served": 22,
    "Hops": 216
  },
  "Node 2811958": {
    "Read Requests Served": 2,
    "Write Requests Served": 8,
    "Hops": 56
  },
  "Node 847593": {
    "Read Requests Served": 0,
    "Write Requests Served": 11,
    "Hops": 42
  },
  "Node 897804": {
    "Read Requests Served": 43,
    "Write Requests Served": 30,
    "Hops": 121
  },
  "Node 1713924": {
    "Read Requests Served": 7,
    "Write Requests Served": 8,
    "Hops": 57
  },
  "Node 3929481": {
    "Read Requests Served": 25,
    "Write Requests Served": 21,
    "Hops": 112
  },
  "Node 570388": {
    "Read Requests Served": 39,
    "Write Requests Served": 21,
    "Hops": 134
  },
  "Node 2229684": {
    "Read Requests Served": 62,
    "Write Requests Served": 28,
    "Hops": 254
  },
  "Node 920839": {
    "Read Requests Served": 31,
    "Write Requests Served": 15,
    "Hops": 267
  },
  "Node 2485615": {
    "Read Requests Served": 43,
    "Write Requests Served": 24,
    "Hops": 179
  },
  "Node 3552024": {
    "Read Requests Served": 32,
    "Write Requests Served": 21,
    "Hops": 46
  },
  "Node 3758213": {
    "Read Requests Served": 0,
    "Write Requests Served": 12,
    "Hops": 108
  },
  "Node 4017369": {
    "Read Requests Served": 0,
    "Write Requests Served": 10,
    "Hops": 46
  },
  "Node 293794": {
    "Read Requests Served": 71,
    "Write Requests Served": 28,
    "Hops": 276
  },
  "Node 2088343": {
    "Read Requests Served": 62,
    "Write Requests Served": 23,
    "Hops": 95
  },
  "Node 1763332": {
    "Read Requests Served": 35,
    "Write Requests Served": 22,
    "Hops": 255
  },
  "Node 1501888": {
    "Read Requests Served": 52,
    "Write Requests Served": 23,
    "Hops": 192
  },
  "Node 3322861": {
    "Read Requests Served": 39,
    "Write Requests Served": 18,
    "Hops": 241
  },
  "Node 1455170": {
    "Read Requests Served": 20,
    "Write Requests Served": 16,
    "Hops": 144
  },
  "Node 2466016": {
    "Read Requests Served": 23,
    "Write Requests Served": 20,
    "Hops": 92
  },
  "Node 954218": {
    "Read Requests Served": 5,
    "Write Requests Served": 15,
    "Hops": 68
  },
  "Node 2221852": {
    "Read Requests Served": 31,
    "Write Requests Served": 21,
    "Hops": 122
  },
  "Node 3820349": {
    "Read Requests Served": 5,
    "Write Requests Served": 13,
    "Hops": 109
  },
  "Node 2292404": {
    "Read Requests Served": 23,
    "Write Requests Served": 14,
    "Hops": 145
  },
  "Node 2409428": {
    "Read Requests Served": 8,
    "Write Requests Served": 14,
    "Hops": 63
  },
  "Node 2758195": {
    "Read Requests Served": 52,
    "Write Requests Served": 18,
    "Hops": 430
  },
  "Node 800291": {
    "Read Requests Served": 59,
    "Write Requests Served": 23,
    "Hops": 99
  },
  "Node 952885": {
    "Read Requests Served": 58,
    "Write Requests Served": 32,
    "Hops": 362
  },
  "Node 1287755": {
    "Read Requests Served": 0,
    "Write Requests Served": 8,
    "Hops": 38
  },
  "Node 3506732": {
    "Read Requests Served": 12,
    "Write Requests Served": 16,
    "Hops": 41
  },
  "Node 3882061": {
    "Read Requests Served": 23,
    "Write Requests Served": 24,
    "Hops": 97
  },
  "Node 2147988": {
    "Read Requests Served": 26,
    "Write Requests Served": 25,
    "Hops": 172
  },
  "Node 1492582": {
    "Read Requests Served": 7,
    "Write Requests Served": 8,
    "Hops": 77
  },
  "Node 658340": {
    "Read Requests Served": 97,
    "Write Requests Served": 33,
    "Hops": 245
  },
  "Node 2250929": {
    "Read Requests Served": 100,
    "Write Requests Served": 36,
    "Hops": 379
  },
  "Node 2141285": {
    "Read Requests Served": 0,
    "Write Requests Served": 8,
    "Hops": 36
  },
  "Node 1638615": {
    "Read Requests Served": 10,
    "Write Requests Served": 19,
    "Hops": 106
  },
  "Node 186891": {
    "Read Requests Served": 0,
    "Write Requests Served": 11,
    "Hops": 47
  },
  "Node 1657269": {
    "Read Requests Served": 16,
    "Write Requests Served": 14,
    "Hops": 109
  },
  "Node 1718098": {
    "Read Requests Served": 19,
    "Write Requests Served": 24,
    "Hops": 182
  },
  "Node 1742516": {
    "Read Requests Served": 50,
    "Write Requests Served": 31,
    "Hops": 250
  },
  "Node 2969128": {
    "Read Requests Served": 73,
    "Write Requests Served": 31,
    "Hops": 255
  },
  "Node 500753": {
    "Read Requests Served": 64,
    "Write Requests Served": 31,
    "Hops": 228
  },
  "Node 3378293": {
    "Read Requests Served": 149,
    "Write Requests Served": 46,
    "Hops": 482
  },
  "Node 2987405": {
    "Read Requests Served": 100,
    "Write Requests Served": 31,
    "Hops": 454
  },
  "Node 3858402": {
    "Read Requests Served": 63,
    "Write Requests Served": 27,
    "Hops": 307
  },
  "Node 2546092": {
    "Read Requests Served": 51,
    "Write Requests Served": 26,
    "Hops": 181
  },
  "Node 2144237": {
    "Read Requests Served": 4,
    "Write Requests Served": 10,
    "Hops": 60
  },
  "Node 1423935": {
    "Read Requests Served": 65,
    "Write Requests Served": 33,
    "Hops": 137
  },
  "Node 1476226": {
    "Read Requests Served": 0,
    "Write Requests Served": 14,
    "Hops": 127
  },
  "Node 4078232": {
    "Read Requests Served": 25,
    "Write Requests Served": 14,
    "Hops": 132
  },
  "Node 2554987": {
    "Read Requests Served": 15,
    "Write Requests Served": 12,
    "Hops": 310
  },
  "Node 3713359": {
    "Read Requests Served": 8,
    "Write Requests Served": 19,
    "Hops": 78
  },
  "Node 3112918": {
    "Read Requests Served": 35,
    "Write Requests Served": 26,
    "Hops": 202
  },
  "Node 3057760": {
    "Read Requests Served": 60,
    "Write Requests Served": 28,
    "Hops": 267
  },
  "Node 2143156": {
    "Read Requests Served": 0,
    "Write Requests Served": 10,
    "Hops": 185
  },
  "Node 3579692": {
    "Read Requests Served": 14,
    "Write Requests Served": 9,
    "Hops": 86
  },
  "Node 2140823": {
    "Read Requests Served": 43,
    "Write Requests Served": 20,
    "Hops": 111
  },
  "Node 223957": {
    "Read Requests Served": 4,
    "Write Requests Served": 8,
    "Hops": 78
  },
  "Node 761708": {
    "Read Requests Served": 44,
    "Write Requests Served": 19,
    "Hops": 149
  },
  "Node 882939": {
    "Read Requests Served": 64,
    "Write Requests Served": 22,
    "Hops": 217
  },
  "Node 2836015": {
    "Read Requests Served": 121,
    "Write Requests Served": 45,
    "Hops": 578
  },
  "Node 2435107": {
    "Read Requests Served": 56,
    "Write Requests Served": 32,
    "Hops": 238
  },
  "Node 4072362": {
    "Read Requests Served": 14,
    "Write Requests Served": 10,
    "Hops": 384
  },
  "Node 431661": {
    "Read Requests Served": 5,
    "Write Requests Served": 11,
    "Hops": 66
  },
  "Node 3749976": {
    "Read Requests Served": 95,
    "Write Requests Served": 30,
    "Hops": 533
  },
  "Node 1633992": {
    "Read Requests Served": 20,
    "Write Requests Served": 18,
    "Hops": 113
  },
  "Node 526916": {
    "Read Requests Served": 1,
    "Write Requests Served": 13,
    "Hops": 49
  },
  "Node 1042586": {
    "Read Requests Served": 12,
    "Write Requests Served": 15,
    "Hops": 120
  },
  "Node 2363603": {
    "Read Requests Served": 9,
    "Write Requests Served": 13,
    "Hops": 40
  },
  "Node 869230": {
    "Read Requests Served": 65,
    "Write Requests Served": 23,
    "Hops": 224
  },
  "Node 1752472": {
    "Read Requests Served": 53,
    "Write Requests Served": 27,
    "Hops": 235
  },
  "Node 3077823": {
    "Read Requests Served": 30,
    "Write Requests Served": 18,
    "Hops": 241
  },
  "Node 1185238": {
    "Read Requests Served": 16,
    "Write Requests Served": 11,
    "Hops": 108
  },
  "Node 3132127": {
    "Read Requests Served": 67,
    "Write Requests Served": 23,
    "Hops": 182
  },
  "Node 4045433": {
    "Read Requests Served": 28,
    "Write Requests Served": 20,
    "Hops": 100
  },
  "Node 792707": {
    "Read Requests Served": 47,
    "Write Requests Served": 22,
    "Hops": 212
  },
  "Node 3109861": {
    "Read Requests Served": 0,
    "Write Requests Served": 10,
    "Hops": 54
  },
  "Node 239574": {
    "Read Requests Served": 32,
    "Write Requests Served": 24,
    "Hops": 297
  },
  "Node 3355530": {
    "Read Requests Served": 28,
    "Write Requests Served": 22,
    "Hops": 86
  },
  "Node 282878": {
    "Read Requests Served": 10,
    "Write Requests Served": 16,
    "Hops": 158
  },
  "Node 2906557": {
    "Read Requests Served": 13,
    "Write Requests Served": 13,
    "Hops": 162
  },
  "Node 3944782": {
    "Read Requests Served": 99,
    "Write Requests Served": 32,
    "Hops": 413
  }
}