{
  "User U1": {
    "Read Requests": 137,
    "Write Requests": 43
  },
  "User U2": {
    "Read Requests": 126,
    "Write Requests": 38
  },
  "User U3": {
    "Read Requests": 152,
    "Write Requests": 48
  },
  "User U4": {
    "Read Requests": 127,
    "Write Requests": 44
  },
  "User U5": {
    "Read Requests": 148,
    "Write Requests": 45
  },
  "User U6": {
    "Read Requests": 116,
    "Write Requests": 50
  },
  "User U7": {
    "Read Requests": 121,
    "Write Requests": 47
  },
  "User U8": {
    "Read Requests": 138,
    "Write Requests": 42
  },
  "User U9": {
    "Read Requests": 136,
    "Write Requests": 44
  },
  "User U10": {
    "Read Requests": 110,
    "Write Requests": 40
  },
  "User U11": {
    "Read Requests": 122,
    "Write Requests": 37
  },
  "User U12": {
    "Read Requests": 106,
    "Write Requests": 32
  },
  "User U13": {
    "Read Requests": 115,
    "Write Requests": 44
  },
  "User U14": {
    "Read Requests": 153,
    "Write Requests": 45
  },
  "User U15": {
    "Read Requests": 140,
    "Write Requests": 32
  },
  "User U16": {
    "Read Requests": 127,
    "Write Requests": 47
  },
  "User U17": {
    "Read Requests": 100,
    "Write Requests": 42
  },
  "User U18": {
    "Read Requests": 134,
    "Write Requests": 41
  },
  "User U19": {
    "Read Requests": 134,
    "Write Requests": 50
  },
  "User U20": {
    "Read Requests": 116,
    "Write Requests": 56
  },
  "User U21": {
    "Read Requests": 144,
    "Write Requests": 48
  },
  "User U22": {
    "Read Requests": 119,
    "Write Requests": 35
  },
  "User U23": {
    "Read Requests": 120,
    "Write Requests": 44
  },
  "User U24": {
    "Read Requests": 127,
    "Write Requests": 38
  },
  "User U25": {
    "Read Requests": 123,
    "Write Requests": 44
  },
  "User U26": {
    "Read Requests": 145,
    "Write Requests": 47
  },
  "User U27": {
    "Read Requests": 101,
    "Write Requests": 33
  },
  "User U28": {
    "Read Requests": 126,
    "Write Requests": 49
  },
  "User U29": {
    "Read Requests": 124,
    "Write Requests": 43
  },
  "User U30": {
    "Read Requests": 120,
    "Write Requests": 36
  },
  "User U31": {
    "Read Requests": 143,
    "Write Requests": 56
  },
  "User U32": {
    "Read Requests": 140,
    "Write Requests": 45
  },
  "User U33": {
    "Read Requests": 152,
    "Write Requests": 48
  },
  "User U34": {
    "Read Requests": 134,
    "Write Requests": 54
  },
  "User U35": {
    "Read Requests": 128,
    "Write Requests": 52
  },
  "User U36": {
    "Read Requests": 139,
    "Write Requests": 45
  },
  "User U37": {
    "Read Requests": 134,
    "Write Requests": 31
  },
  "User U38": {
    "Read Requests": 105,
    "Write Requests": 44
  },
  "User U39": {
    "Read Requests": 124,
    "Write Requests": 36
  },
  "User U40": {
    "Read Requests": 127,
    "Write Requests": 46
  },
  "User U41": {
    "Read Requests": 122,
    "Write Requests": 50
  },
  "User U42": {
    "Read Requests": 138,
    "Write Requests": 40
  },
  "User U43": {
    "Read Requests": 137,
    "Write Requests": 35
  },
  "User U44": {
    "Read Requests": 102,
    "Write Requests": 55
  },
  "User U45": {
    "Read Requests": 147,
    "Write Requests": 37
  },
  "User U46": {
    "Read Requests": 133,
    "Write Requests": 39
  },
  "User U47": {
    "Read Requests": 133,
    "Write Requests": 39
  },
  "User U48": {
    "Read Requests": 129,
    "Write Requests": 49
  },
  "User U49": {
    "Read Requests": 119,
    "Write Requests": 41
  },
  "User U50": {
    "Read Requests": 145,
    "Write Requests": 46
  },
  "User U51": {
    "Read Requests": 115,
    "Write Requests": 26
  },
  "User U52": {
    "Read Requests": 123,
    "Write Requests": 49
  },
  "User U53": {
    "Read Requests": 119,
    "Write Requests": 44
  },
  "User U54": {
    "Read Requests": 135,
    "Write Requests": 38
  },
  "User U55": {
    "Read Requests": 125,
    "Write Requests": 44
  },
  "User U56": {
    "Read Requests": 120,
    "Write Requests": 49
  },
  "User U57": {
    "Read Requests": 115,
    "Write Requests": 43
  },
  "User U58": {
    "Read Requests": 135,
    "Write Requests": 40
  },
  "User U59": {
    "Read Requests": 109,
    "Write Requests": 43
  },
  "User U60": {
    "Read Requests": 142,
    "Write Requests": 32
  },
  "User U61": {
    "Read Requests": 130,
    "Write Requests": 44
  },
  "User U62": {
    "Read Requests": 137,
    "Write Requests": 48
  },
  "User U63": {
    "Read Requests": 130,
    "Write Requests": 33
  },
  "User U64": {
    "Read Requests": 129,
    "Write Requests": 46
  },
  "User U65": {
    "Read Requests": 126,
    "Write Requests": 44
  },
  "User U66": {
    "Read Requests": 118,
    "Write Requests": 36
  },
  "User U67": {
    "Read Requests": 132,
    "Write Requests": 42
  },
  "User U68": {
    "Read Requests": 109,
    "Write Requests": 64
  },
  "User U69": {
    "Read Requests": 142,
    "Write Requests": 43
  },
  "User U70": {
    "Read Requests": 122,
    "Write Requests": 27
  },
  "User U71": {
    "Read Requests": 112,
    "Write Requests": 47
  },
  "User U72": {
    "Read Requests": 116,
    "Write Requests": 35
  },
  "User U73": {
    "Read Requests": 125,
    "Write Requests": 44
  },
  "User U74": {
    "Read Requests": 122,
    "Write Requests": 44
  },
  "User U75": {
    "Read Requests": 109,
    "Write Requests": 48
  },
  "User U76": {
    "Read Requests": 140,
    "Write Requests": 45
  },
  "User U77": {
    "Read Requests": 106,
    "Write Requests": 39
  },
  "User U78": {
    "Read Requests": 133,
    "Write Requests": 50
  },
  "User U79": {
    "Read Requests": 106,
    "Write Requests": 43
  },
  "User U80": {
    "Read Requests": 113,
    "Write Requests": 40
  },
  "User U81": {
    "Read Requests": 127,
    "Write Requests": 41
  },
  "User U82": {
    "Read Requests": 129,
    "Write Requests": 37
  },
  "User U83": {
    "Read Requests": 126,
    "Write Requests": 34
  },
  "User U84": {
    "Read Requests": 105,
    "Write Requests": 41
  },
  "User U85": {
    "Read Requests": 125,
    "Write Requests": 37
  },
  "User U86": {
    "Read Requests": 119,
    "Write Requests": 46
  },
  "User U87": {
    "Read Requests": 134,
    "Write Requests": 42
  },
  "User U88": {
    "Read Requests": 137,
    "Write Requests": 46
  },
  "User U89": {
    "Read Requests": 129,
    "Write Requests": 60
  },
  "User U90": {
    "Read Requests": 121,
    "Write Requests": 48
  },
  "User U91": {
    "Read Requests": 130,
    "Write Requests": 39
  },
  "User U92": {
    "Read Requests": 120,
    "Write Requests": 37
  },
  "User U93": {
    "Read Requests": 118,
    "Write Requests": 51
  },
  "User U94": {
    "Read Requests": 121,
    "Write Requests": 25
  },
  "User U95": {
    "Read Requests": 134,
    "Write Requests": 57
  },
  "User U96": {
    "Read Requests": 136,
    "Write Requests": 58
  },
  "User U97": {
    "Read Requests": 127,
    "Write Requests": 39
  },
  "User U98": {
    "Read Requests": 119,
    "Write Requests": 49
  },
  "User U99": {
    "Read Requests": 132,
    "Write Requests": 41
  },
  "User U100": {
    "Read Requests": 125,
    "Write Requests": 56
  },
  "User U101": {
    "Read Requests": 139,
    "Write Requests": 42
  },
  "User U102": {
    "Read Requests": 126,
    "Write Requests": 42
  },
  "User U103": {
    "Read Requests": 123,
    "Write Requests": 44
  },
  "User U104": {
    "Read Requests": 119,
    "Write Requests": 48
  },
  "User U105": {
    "Read Requests": 126,
    "Write Requests": 44
  },
  "User U106": {
    "Read Requests": 131,
    "Write Requests": 45
  },
  "User U107": {
    "Read Requests": 122,
    "Write Requests": 54
  },
  "User U108": {
    "Read Requests": 115,
    "Write Requests": 56
  },
  "User U109": {
    "Read Requests": 122,
    "Write Requests": 40
  },
  "User U110": {
    "Read Requests": 118,
    "Write Requests": 51
  },
  "User U111": {
    "Read Requests": 115,
    "Write Requests": 55
  },
  "User U112": {
    "Read Requests": 123,
    "Write Requests": 47
  },
  "User U113": {
    "Read Requests": 116,
    "Write Requests": 40
  },
  "User U114": {
    "Read Requests": 137,
    "Write Requests": 35
  },
  "User U115": {
    "Read Requests": 154,
    "Write Requests": 42
  },
  "User U116": {
    "Read Requests": 132,
    "Write Requests": 41
  },
  "User U117": {
    "Read Requests": 152,
    "Write Requests": 43
  },
  "User U118": {
    "Read Requests": 128,
    "Write Requests": 50
  },
  "User U119": {
    "Read Requests": 122,
    "Write Requests": 54
  },
  "User U120": {
    "Read Requests": 124,
    "Write Requests": 40
  },
  "User U121": {
    "Read Requests": 127,
    "Write Requests": 42
  },
  "User U122": {
    "Read Requests": 129,
    "Write Requests": 41
  },
  "User U123": {
    "Read Requests": 116,
    "Write Requests": 42
  },
  "User U124": {
    "Read Requests": 125,
    "Write Requests": 37
  },
  "User U125": {
    "Read Requests": 111,
    "Write Requests": 36
  },
  "User U126": {
    "Read Requests": 144,
    "Write Requests": 35
  },
  "User U127": {
    "Read Requests": 103,
    "Write Requests": 30
  },
  "User U128": {
    "Read Requests": 113,
    "Write Requests": 43
  },
  "User U129": {
    "Read Requests": 109,
    "Write Requests": 34
  },
  "User U130": {
    "Read Requests": 132,
    "Write Requests": 37
  },
  "User U131": {
    "Read Requests": 134,
    "Write Requests": 40
  },
  "User U132": {
    "Read Requests": 137,
    "Write Requests": 39
  },
  "User U133": {
    "Read Requests": 118,
    "Write Requests": 33
  },
  "User U134": {
    "Read Requests": 125,
    "Write Requests": 41
  },
  "User U135": {
    "Read Requests": 117,
    "Write Requests": 40
  },
  "User U136": {
    "Read Requests": 126,
    "Write Requests": 50
  },
  "User U137": {
    "Read Requests": 118,
    "Write Requests": 38
  },
  "User U138": {
    "Read Requests": 118,
    "Write Requests": 48
  },
  "User U139": {
    "Read Requests": 104,
    "Write Requests": 32
  },
  "User U140": {
    "Read Requests": 127,
    "Write Requests": 32
  },
  "User U141": {
    "Read Requests": 127,
    "Write Requests": 47
  },
  "User U142": {
    "Read Requests": 126,
    "Write Requests": 41
  },
  "User U143": {
    "Read Requests": 142,
    "Write Requests": 40
  },
  "User U144": {
    "Read Requests": 120,
    "Write Requests": 46
  },
  "User U145": {
    "Read Requests": 139,
    "Write Requests": 38
  },
  "User U146": {
    "Read Requests": 132,
    "Write Requests": 50
  },
  "User U147": {
    "Read Requests": 132,
    "Write Requests": 43
  },
  "User U148": {
    "Read Requests": 127,
    "Write Requests": 54
  },
  "User U149": {
    "Read Requests": 117,
    "Write Requests": 38
  },
  "User U150": {
    "Read Requests": 126,
    "Write Requests": 47
  },
  "User U151": {
    "Read Requests": 130,
    "Write Requests": 52
  },
  "User U152": {
    "Read Requests": 110,
    "Write Requests": 40
  },
  "User U153": {
    "Read Requests": 141,
    "Write Requests": 40
  },
  "User U154": {
    "Read Requests": 139,
    "Write Requests": 42
  },
  "User U155": {
    "Read Requests": 122,
    "Write Requests": 39
  },
  "User U156": {
    "Read Requests": 106,
    "Write Requests": 36
  },
  "User U157": {
    "Read Requests": 121,
    "Write Requests": 42
  },
  "User U158": {
    "Read Requests": 125,
    "Write Requests": 40
  },
  "User U159": {
    "Read Requests": 127,
    "Write Requests": 51
  },
  "User U160": {
    "Read Requests": 154,
    "Write Requests": 42
  },
  "User U161": {
    "Read Requests": 116,
    "Write Requests": 35
  },
  "User U162": {
    "Read Requests": 140,
    "Write Requests": 54
  },
  "User U163": {
    "Read Requests": 115,
    "Write Requests": 37
  },
  "User U164": {
    "Read Requests": 146,
    "Write Requests": 37
  },
  "User U165": {
    "Read Requests": 135,
    "Write Requests": 50
  },
  "User U166": {
    "Read Requests": 124,
    "Write Requests": 33
  },
  "User U167": {
    "Read Requests": 119,
    "Write Requests": 39
  },
  "User U168": {
    "Read Requests": 138,
    "Write Requests": 47
  },
  "User U169": {
    "Read Requests": 132,
    "Write Requests": 39
  },
  "User U170": {
    "Read Requests": 136,
    "Write Requests": 31
  },
  "User U171": {
    "Read Requests": 130,
    "Write Requests": 42
  },
  "User U172": {
    "Read Requests": 120,
    "Write Requests": 55
  },
  "User U173": {
    "Read Requests": 109,
    "Write Requests": 39
  },
  "User U174": {
    "Read Requests": 116,
    "Write Requests": 42
  },
  "User U175": {
    "Read Requests": 124,
    "Write Requests": 32
  },
  "User U176": {
    "Read Requests": 128,
    "Write Requests": 47
  },
  "User U177": {
    "Read Requests": 119,
    "Write Requests": 42
  },
  "User U178": {
    "Read Requests": 123,
    "Write Requests": 33
  },
  "User U179": {
    "Read Requests": 139,
    "Write Requests": 37
  },
  "User U180": {
    "Read Requests": 116,
    "Write Requests": 33
  },
  "User U181": {
    "Read Requests": 145,
    "Write Requests": 42
  },
  "User U182": {
    "Read Requests": 134,
    "Write Requests": 44
  },
  "User U183": {
    "Read Requests": 129,
    "Write Requests": 46
  },
  "User U184": {
    "Read Requests": 127,
    "Write Requests": 44
  },
  "User U185": {
    "Read Requests": 106,
    "Write Requests": 51
  },
  "User U186": {
    "Read Requests": 117,
    "Write Requests": 37
  },
  "User U187": {
    "Read Requests": 147,
    "Write Requests": 49
  },
  "User U188": {
    "Read Requests": 124,
    "Write Requests": 38
  },
  "User U189": {
    "Read Requests": 139,
    "Write Requests": 32
  },
  "User U190": {
    "Read Requests": 128,
    "Write Requests": 39
  },
  "User U191": {
    "Read Requests": 129,
    "Write Requests": 50
  },
  "User U192": {
    "Read Requests": 129,
    "Write Requests": 33
  },
  "User U193": {
    "Read Requests": 115,
    "Write Requests": 49
  },
  "User U194": {
    "Read Requests": 126,
    "Write Requests": 33
  },
  "User U195": {
    "Read Requests": 135,
    "Write Requests": 48
  },
  "User U196": {
    "Read Requests": 130,
    "Write Requests": 33
  },
  "User U197": {
    "Read Requests": 124,
    "Write Requests": 60
  },
  "User U198": {
    "Read Requests": 123,
    "Write Requests": 44
  },
  "User U199": {
    "Read Requests": 127,
    "Write Requests": 42
  },
  "User U200": {
    "Read Requests": 150,
    "Write Requests": 38
  }
}